Name,Grade,Section,CLE,English,Filipino,AP,Science,Math,MAPEH,TLE,Computer,Foreign Language,Academic Track,Other Track,Technical Vocation,Other Technical Vocation,Preferred Course,Medical Records,Specify,Academic Status,Hobbies,Cognitive,Emotional,Personality
Patricia B. Torres,Grade 6,Alexander,88,95,83,84,77,87,87,82,94,77,HUMSS,null,,,Accountancy,With Record,null,Above average,Creative,High,Low,Average
Andres H. Reyes,Grade 6,Alexander,87,77,89,78,89,75,75,79,89,77,STEM,null,,,Architecture,Without Record,null,Average,Intellectual,Average,High,Low 
Felipe W. Navarro,Grade 6,Alexander,90,92,94,82,81,91,80,84,93,90,,null,,TVL (HE),Civil Engineering,Without Record,null,Low average,Physical,Low,Average,High
Sofia Q. Garcia,Grade 6,Alexander,76,85,83,84,81,93,79,87,75,88,HUMSS,null,,,Computer Science,Without Record,null,Above average,Creative,High,Low,Average
Lydia N. Lopez,Grade 6,Alexander,81,81,95,90,82,92,86,79,81,94,STEM,null,,,Information Technology,Without Record,null,Average,Intellectual,Average,High,Low 
Geraldine V. Torres,Grade 6,Alexander,86,91,78,95,81,79,94,79,79,84,,null,TVL (ICT),,Business Administration,With Record,null,Above average,Physical,Low,Average,High
Javier P. Santos,Grade 6,Alexander,90,87,77,87,92,94,90,78,95,81,STEM,null,,,Marketing,With Record,null,Low average,Creative,High,Low,Average
Patricia H. Torres,Grade 6,Alexander,86,81,82,89,90,77,86,93,79,79,,null,TVL (ICT),,Law,Without Record,null,Average,Intellectual,Average,High,Low 
Antonio M. Fernandez,Grade 6,Alexander,78,81,87,84,76,82,77,89,91,87,,null,,TVL (HE),Medicine,Without Record,null,Above average,Physical,Low,Average,High
Raquel J. Mendoza,Grade 6,Alexander,91,95,84,76,94,95,85,92,93,75,,null,TVL (ICT),,Nursing,Without Record,null,Low average,Creative,High,Low,Average
Marina L. Palacios,Grade 6,Alexander,88,94,85,77,87,87,84,76,83,94,ABM,null,,,Psychology,With Record,null,Average,Intellectual,Average,High,Low 
Gloria A. Aquino,Grade 6,Alexander,93,79,77,80,81,79,87,77,77,90,STEM,null,,,Hospitality Management,Without Record,null,Above average,Physical,Low,Average,High
Rafael E. Cruz,Grade 6,Alexander,76,85,77,91,82,79,84,86,92,90,,null,TVL (ICT),,Education,Without Record,null,Low average,Creative,High,Low,Average
Fernando S. Cruz,Grade 6,Alexander,77,80,82,87,90,84,90,79,87,80,HUMSS,null,,,Teaching,Without Record,null,Average,Intellectual,Average,High,Low 
Renato S. Cruz,Grade 6,Alexander,91,76,79,87,84,84,90,79,77,86,,null,TVL (ICT),,Electrical Engineering,With Record,null,Above average,Creative,Low,Average,High
Jose L. Palacios,Grade 6,Alexander,94,83,86,88,81,79,83,78,77,94,ABM,null,,,Mechanical Engineering,Without Record,null,Low average,Intellectual,High,Low,Average
Cynthia A. Santos,Grade 6,Alexander,76,87,90,79,84,88,91,90,90,83,HUMSS,null,,,Chemical Engineering,With Record,null,Average,Physical,Average,High,Low 
Ana F. Reyes,Grade 6,Barachiel,80,89,95,91,93,89,75,82,85,86,STEM,null,,,Tourism Management,With Record,null,Above average,Creative,Low,Average,High
Antonio L. Diaz,Grade 6,Barachiel,84,87,85,81,80,80,93,88,77,79,ABM,null,,,Political Science,Without Record,null,Low average,Intellectual,High,Low,Average
Carlos D. Reyes,Grade 6,Barachiel,92,90,91,80,92,87,78,75,91,78,,null,,TVL (HE),Criminology,Without Record,null,Average,Physical,Average,High,Low 
Bernardo R. Santos,Grade 6,Barachiel,92,88,89,76,84,84,78,82,84,80,,null,TVL (ICT),,International Studies,Without Record,null,Above average,Creative,Low,Average,High
Ricardo T. De Guzman,Grade 6,Barachiel,93,88,79,89,89,79,95,83,88,82,,null,TVL (ICT),,Social Work,Without Record,null,Low average,Intellectual,High,Low,Average
Alicia K. Mendoza,Grade 6,Barachiel,95,79,90,78,90,89,95,77,76,89,,null,,TVL (HE),Pharmacy,Without Record,null,Average,Physical,Average,High,Low 
Beatriz S. Alvarado,Grade 6,Barachiel,78,79,91,90,91,95,79,83,82,82,HUMSS,null,,,Agriculture,With Record,null,Above average,Creative,Low,Average,High
Hector A. Baluyot,Grade 6,Barachiel,87,92,86,80,90,88,80,82,84,85,,null,TVL (ICT),,Fisheries,Without Record,null,Low average,Intellectual,High,Low,Average
Aiden P. Bautista,Grade 6,Barachiel,80,75,85,86,88,75,91,85,79,95,,null,TVL (ICT),,Veterinary Medicine,Without Record,null,Average,Physical,Average,High,Low 
Jaxon M. Dizon,Grade 6,Barachiel,76,85,85,87,79,84,80,90,89,93,,null,,TVL (HE),Fine Arts,Without Record,null,Above average,Creative,Low,Average,High
Luna P. Rivera,Grade 6,Barachiel,90,86,78,80,93,90,93,84,82,92,,null,,TVL (HE),Graphic Design,With Record,null,Low average,Intellectual,High,Low,Average
Axel V. Reyes,Grade 6,Barachiel,84,91,92,90,89,80,95,86,92,81,ABM,null,,,Multimedia Arts,With Record,null,Average,Creative,Average,High,Low 
Zayden R. Mendoza,Grade 6,Barachiel,91,87,92,84,91,93,84,83,81,81,STEM,null,,,Nursing,With Record,null,Above average,Intellectual,Low,Average,High
Aiden G. Tolentino,Grade 6,Barachiel,77,83,77,84,81,91,87,85,82,89,ABM,null,,,Pharmacy,With Record,null,Low average,Physical,High,Low,Average
Maximus F. De Leon,Grade 6,Barachiel,80,85,79,80,91,80,84,78,82,79,,null,,TVL (HE),Public Administration,With Record,null,Average,Creative,Average,High,Low 
Juno T. De Guzman,Grade 6,Barachiel,81,90,89,92,92,76,83,81,84,77,STEM,null,,,Communication Arts,With Record,null,Above average,Intellectual,Low,Average,High
Tessa G. Santos,Grade 6,Gregory,88,84,85,80,85,76,83,80,92,76,ABM,null,,,Journalism,With Record,null,Low average,Physical,High,Low,Average
Odin P. Ramos,Grade 6,Gregory,87,83,83,78,80,94,81,78,90,80,HUMSS,null,,,Film Studies,Without Record,null,Average,Creative,Average,High,Low 
Titus M. Santos,Grade 6,Gregory,84,89,87,76,93,92,76,78,81,90,,null,TVL (ICT),,Accounting Technology,Without Record,null,Above average,Intellectual,Low,Average,High
Luca G. Ramos,Grade 6,Gregory,76,79,82,92,80,76,88,93,79,85,STEM,null,,,Business Management,Without Record,null,Low average,Physical,High,Low,Average
Riley T. Santos,Grade 6,Gregory,81,94,80,88,76,75,86,89,95,85,ABM,null,,,Real Estate Management,Without Record,null,Average,Creative,Average,High,Low 
Maxim M. Panganiban,Grade 6,Gregory,81,78,85,93,87,80,83,84,75,91,,null,,TVL (HE),Human Resource Management,With Record,null,Above average,Intellectual,Low,Average,High
Ember S. Bautista,Grade 6,Gregory,77,85,80,87,88,77,93,75,80,92,HUMSS,null,,,Financial Management,With Record,null,Low average,Physical,High,Low,Average
Leah J. Villaluna,Grade 6,Gregory,91,76,77,89,77,83,79,90,75,87,STEM,null,,,Marketing Management,Without Record,null,Average,Creative,Average,High,Low 
Levi G. Reyes,Grade 6,Gregory,87,86,79,95,76,82,94,86,83,82,HUMSS,null,,,Information Systems,Without Record,null,Above average,Intellectual,Low,Average,High
Kairos T. De Guzman,Grade 6,Gregory,85,85,91,80,85,91,89,91,78,81,ABM,null,,,Computer Engineering,Without Record,null,Low average,Creative,High,Low,Average
Juno F. Salazar,Grade 6,Gregory,92,92,87,94,79,79,92,83,91,76,,null,TVL (ICT),,Software Engineering,With Record,null,Average,Intellectual,Average,High,Low 
Vera G. De Guzman,Grade 6,Gregory,90,84,82,81,79,89,77,92,82,75,,null,TVL (ICT),,Digital Marketing,Without Record,null,Above average,Physical,Low,Average,High
Gracie T. Villamor,Grade 6,Gregory,90,95,93,89,77,92,81,75,91,90,,null,TVL (ICT),,Economics,With Record,null,Low average,Creative,High,Low,Average
Caden L. Dizon,Grade 6,Gregory,82,78,81,78,91,84,91,90,91,93,,null,TVL (ICT),,Development Studies,Without Record,null,Average,Intellectual,Average,High,Low 
Adrian C. Reyes,Grade 7,Gabriel,75,77,81,79,82,79,82,84,92,92,ABM,null,,,Philosophy,With Record,null,Above average,Physical,Low,Average,High
Daniela P. Santos,Grade 7,Gabriel,94,87,86,89,81,82,79,83,89,88,HUMSS,null,,,Sociology,With Record,null,Low average,Creative,High,Low,Average
Hannah L. Perez,Grade 7,Gabriel,88,77,81,91,76,78,75,84,87,77,STEM,null,,,Theology,With Record,null,Average,Intellectual,Average,High,Low 
Luis G. Ramos,Grade 7,Gabriel,90,75,85,91,86,95,77,75,79,87,STEM,null,,,Environmental Science,Without Record,null,Above average,Physical,Low,Average,High
Patrick V. Reyes,Grade 7,Gabriel,85,90,93,78,87,91,82,92,82,84,,null,TVL (ICT),,Biochemistry,With Record,null,Low average,Creative,High,Low,Average
Teresa N. Cruz,Grade 7,Gabriel,75,85,92,91,86,92,90,90,79,91,,null,TVL (ICT),,Biology,With Record,null,Average,Intellectual,Average,High,Low 
Xander B. Garcia,Grade 7,Gabriel,80,90,95,90,84,75,89,95,76,90,,null,TVL (ICT),,Environmental Engineering,With Record,null,Above average,Physical,Low,Average,High
Benicio J. Morales,Grade 7,Gabriel,76,77,75,81,76,90,76,77,76,75,STEM,null,,,Geology,With Record,null,Low average,Creative,High,Low,Average
Franco A. Mendoza,Grade 7,Gabriel,85,80,94,87,95,80,86,78,91,92,,null,,TVL (HE),Physics,Without Record,null,Average,Intellectual,Average,High,Low 
Jerome P. Herrera,Grade 7,Gabriel,76,89,79,90,91,86,95,77,83,82,ABM,null,,,Chemistry,With Record,null,Above average,Creative,Low,Average,High
Niko B. Perez,Grade 7,Gabriel,84,86,76,92,76,87,85,80,84,93,ABM,null,,,Mathematics,Without Record,null,Low average,Intellectual,High,Low,Average
Riel M. Morales,Grade 7,Gabriel,78,95,82,90,94,85,86,75,94,94,STEM,null,,,Statistics,With Record,null,Average,Physical,Average,High,Low 
Veronica J. Villanueva,Grade 7,Gabriel,93,95,77,92,79,90,82,83,90,86,STEM,null,,,Actuarial Science,Without Record,null,Above average,Creative,Low,Average,High
Zoey T. Castillo,Grade 7,Gabriel,94,83,77,86,93,77,83,84,84,75,ABM,null,,,Maritime Transportation,With Record,null,Low average,Intellectual,High,Low,Average
Dianne L. Reyes,Grade 7,Gabriel,85,88,94,94,81,83,89,93,83,75,ABM,null,,,Maritime Engineering,With Record,null,Average,Physical,Average,High,Low 
Harold R. Garcia,Grade 7,Gabriel,84,83,76,75,81,82,82,94,89,88,,null,,TVL (HE),Geodetic Engineering,With Record,null,Above average,Creative,Low,Average,High
Luis G. Herrera,Grade 7,Gabriel,81,75,89,81,78,92,82,84,95,93,,null,TVL (ICT),,Industrial Engineering,Without Record,null,Low average,Intellectual,High,Low,Average
Pedro J. Villanueva,Grade 7,Gabriel,81,85,92,89,77,90,76,91,76,77,ABM,null,,,Mining Engineering,With Record,null,Average,Physical,Average,High,Low 
Tanya R. Aquino,Grade 7,Gabriel,88,95,77,84,94,88,83,81,77,75,,null,,TVL (HE),Architecture and Fine Arts,With Record,null,Above average,Creative,Low,Average,High
Xian L. Morales,Grade 7,Gabriel,77,82,93,89,86,93,88,90,86,75,ABM,null,,,Interior Design,Without Record,null,Low average,Intellectual,High,Low,Average
Brandon R. Villanueva,Grade 7,Gabriel,89,90,78,95,90,95,86,78,93,87,,null,TVL (ICT),,Film and Television Production,Without Record,null,Average,Physical,Average,High,Low 
Franco L. Aquino,Grade 7,Michael,94,83,94,92,87,88,92,94,80,93,,null,TVL (ICT),,Media Arts,Without Record,null,Above average,Creative,Low,Average,High
Jason D. Herrera,Grade 7,Michael,77,85,94,91,91,91,95,88,87,93,ABM,null,,,Information Technology Management,With Record,null,Low average,Intellectual,High,Low,Average
Nico P. Reyes,Grade 7,Michael,80,94,92,76,92,91,89,80,85,91,,null,,TVL (HE),Public Health,With Record,null,Average,Creative,Average,High,Low 
Robin G. Ramos,Grade 7,Michael,79,93,80,92,80,79,87,94,82,89,ABM,null,,,Community Development,With Record,null,Above average,Intellectual,Low,Average,High
Violeta R. Perez,Grade 7,Michael,93,93,88,82,91,82,79,79,82,79,,null,,TVL (HE),Disaster Management,Without Record,null,Low average,Physical,High,Low,Average
Zoe L. Herrera,Grade 7,Michael,85,87,80,79,90,77,75,85,92,80,,null,,TVL (HE),Clinical Psychology,Without Record,null,Average,Creative,Average,High,Low 
Damian T. Santos,Grade 7,Michael,93,86,81,78,77,84,91,89,92,83,,null,,TVL (HE),Industrial Psychology,Without Record,null,Above average,Intellectual,Low,Average,High
Hector P. Aquino,Grade 7,Michael,95,84,80,79,86,91,84,85,75,79,HUMSS,null,,,Music,Without Record,null,Low average,Physical,High,Low,Average
Laila P. Villanueva,Grade 7,Michael,87,90,84,89,90,77,87,89,90,77,,null,,TVL (HE),Theater Arts,With Record,null,Average,Creative,Average,High,Low 
Pilar T. Reyes,Grade 7,Michael,80,86,88,83,79,89,93,83,94,76,HUMSS,null,,,Dance,With Record,null,Above average,Intellectual,Low,Average,High
Tanya J. Morales,Grade 7,Michael,89,80,81,75,91,75,76,86,84,90,,null,,TVL (HE),Advertising,Without Record,null,Low average,Physical,High,Low,Average
Xavier D. Santos,Grade 7,Michael,84,92,80,84,83,92,93,93,79,84,STEM,null,,,Publishing,Without Record,null,Average,Creative,Average,High,Low 
Bernadette T. Garcia,Grade 7,Michael,87,93,88,76,76,89,91,81,88,88,STEM,null,,,Event Management,With Record,null,Above average,Intellectual,Low,Average,High
Faye P. Reyes,Grade 7,Michael,77,77,79,95,81,90,85,89,76,75,STEM,null,,,Food Technology,With Record,null,Low average,Physical,High,Low,Average
Jason F. Aquino,Grade 7,Michael,94,95,86,86,93,95,76,83,76,82,HUMSS,null,,,Nutrition and Dietetics,Without Record,null,Average,Creative,Average,High,Low 
Norah P. Villanueva,Grade 7,Michael,81,81,86,91,80,77,82,89,89,86,ABM,null,,,Sports Science,Without Record,null,Above average,Intellectual,Low,Average,High
Ralph P. Mendoza,Grade 7,Michael,83,93,79,78,85,82,88,92,91,94,,null,,TVL (HE),Physical Therapy,With Record,null,Low average,Creative,High,Low,Average
Vera P. Villanueva,Grade 7,Michael,79,93,91,84,80,81,94,93,89,84,,null,,TVL (HE),Occupational Therapy,Without Record,null,Average,Intellectual,Average,High,Low 
Zane T. Aquino,Grade 7,Michael,81,84,94,89,83,78,79,83,91,78,,null,TVL (ICT),,Respiratory Therapy,Without Record,null,Above average,Physical,Low,Average,High
Denise A. Santos,Grade 7,Michael,77,76,92,75,81,78,92,82,91,75,,null,,TVL (HE),Anesthesia Technology,Without Record,null,Low average,Creative,High,Low,Average
Heidi B. Garcia,Grade 7,Michael,91,95,90,75,85,81,90,86,95,88,ABM,null,,,Radiologic Technology,Without Record,null,Average,Intellectual,Average,High,Low 
Luis F. Aquino,Grade 7,Judiel,81,90,93,75,93,75,94,95,89,85,,null,,TVL (HE),Clinical Laboratory Science,With Record,null,Above average,Physical,Low,Average,High
Pauline L. Herrera,Grade 7,Judiel,95,85,75,76,86,87,90,95,91,75,STEM,null,,,Dentistry,With Record,null,Low average,Creative,High,Low,Average
Trent P. Villanueva,Grade 7,Judiel,95,93,90,88,86,88,79,93,92,76,HUMSS,null,,,Dental Technology,With Record,null,Average,Intellectual,Average,High,Low 
Xavier J. Ramos,Grade 7,Judiel,79,76,78,89,84,87,94,94,85,77,,null,,TVL (HE),Sports Management,With Record,null,Above average,Physical,Low,Average,High
Betty P. Ramos,Grade 7,Judiel,84,83,81,93,89,89,77,85,86,88,,null,,TVL (HE),Biomedical Science,Without Record,null,Low average,Creative,High,Low,Average
Ferdinand J. Aquino,Grade 7,Judiel,93,84,82,81,86,76,82,84,84,89,,null,,TVL (HE),Forensic Science,With Record,null,Average,Intellectual,Average,High,Low 
Jessa T. Mendoza,Grade 7,Judiel,92,77,84,81,89,82,93,82,84,80,ABM,null,,,Agriculture Technology,With Record,null,Above average,Physical,Low,Average,High
Nicholas J. Ramos,Grade 7,Judiel,87,81,84,76,86,95,91,85,88,81,HUMSS,null,,,Agribusiness,Without Record,null,Low average,Creative,High,Low,Average
Adrian A. Santiago,Grade 7,Judiel,84,83,79,77,85,84,77,95,95,92,,null,TVL (ICT),,Agronomy,Without Record,null,Average,Intellectual,Average,High,Low 
Daniela E. Lopez,Grade 7,Judiel,82,94,79,84,77,95,75,95,79,83,,null,TVL (ICT),,Animal Science,With Record,null,Above average,Creative,Low,Average,High
Hannah I. Morales,Grade 7,Judiel,95,91,84,91,88,86,84,91,91,95,,null,TVL (ICT),,Crop Science,Without Record,null,Low average,Intellectual,High,Low,Average
Luis M. Macapagal,Grade 7,Judiel,75,89,77,84,85,89,85,75,75,80,STEM,null,,,Fisheries Technology,Without Record,null,Above average,Physical,Average,High,Low 
Patrick Q. Ferrer,Grade 7,Judiel,76,83,94,78,80,90,87,90,82,79,HUMSS,null,,,Food Science,Without Record,null,Average,Creative,Low,Average,High
Teresa U. Reyes,Grade 7,Judiel,83,89,89,80,88,93,94,86,76,83,HUMSS,null,,,Hospitality and Tourism Management,Without Record,null,Low average,Intellectual,High,Low,Average
Xander Y. Alcantara,Grade 7,Judiel,86,78,86,81,86,80,92,95,79,88,,null,,TVL (HE),Landscape Architecture,Without Record,null,Average,Physical,Average,High,Low 
Benicio C. Fernandez,Grade 7,Judiel,78,75,86,87,84,81,78,92,80,82,ABM,null,,,Event Planning,With Record,null,Above average,Creative,Low,Average,High
Franco G. Ledesma,Grade 7,Judiel,85,83,78,81,94,86,83,82,94,75,HUMSS,null,,,Public Relations,Without Record,null,Low average,Intellectual,High,Low,Average
Jerome K. Mendoza,Grade 7,Judiel,86,87,90,75,79,78,81,86,88,87,HUMSS,null,,,International Business,Without Record,null,Average,Physical,Average,High,Low 
Niko O. Trinidad,Grade 7,Judiel,77,87,75,87,95,80,82,80,83,78,,null,,TVL (HE),Supply Chain Management,Without Record,null,Above average,Creative,Low,Average,High
Riel S. Villanueva,Grade 7,Judiel,92,78,92,95,82,81,92,81,93,87,,null,,TVL (HE),Retail Management,Without Record,null,Low average,Intellectual,High,Low,Average
Veronica W. Rivera,Grade 7,Judiel,75,83,86,76,86,82,83,80,80,94,,null,TVL (ICT),,Logistics,With Record,null,Average,Physical,Average,High,Low 
Zoey A. Caballero,Grade 7,Raphael,87,82,89,90,82,75,79,78,89,78,,null,,TVL (HE),Health Administration,With Record,null,Above average,Creative,Low,Average,High
Dianne E. Santos,Grade 7,Raphael,85,81,91,76,78,88,80,89,82,95,ABM,null,,,Speech Pathology,Without Record,null,Low average,Intellectual,High,Low,Average
Harold I. Robles,Grade 7,Raphael,84,85,75,82,78,92,81,90,78,80,HUMSS,null,,,Early Childhood Education,With Record,null,Average,Creative,Average,High,Low 
Luis M. de la Rosa,Grade 7,Raphael,88,85,79,80,75,80,88,84,91,85,,null,,TVL (HE),Secondary Education,Without Record,null,Above average,Intellectual,Low,Average,High
Pedro Q. Tan,Grade 7,Raphael,81,77,87,88,94,89,84,82,95,90,ABM,null,,,Physical Education,Without Record,null,Low average,Physical,High,Low,Average
Tanya U. Mendoza,Grade 7,Raphael,86,86,85,88,88,81,81,76,88,76,STEM,null,,,Special Education,Without Record,null,Average,Creative,Average,High,Low 
Xian Y. Cabrera,Grade 7,Raphael,91,95,87,81,80,81,79,81,84,88,,null,,TVL (HE),Math Education,Without Record,null,Above average,Intellectual,Low,Average,High
Brandon C. Garcia,Grade 7,Raphael,79,78,76,83,78,82,92,83,78,86,STEM,null,,,Science Education,With Record,null,Low average,Physical,High,Low,Average
Franco G. Lim,Grade 7,Raphael,88,78,82,90,93,81,88,79,87,77,,null,TVL (ICT),,English Education,Without Record,null,Average,Creative,Average,High,Low 
Jason K. Garcia,Grade 7,Raphael,88,87,84,93,80,81,92,75,85,90,,null,,TVL (HE),Filipino Education,Without Record,null,Above average,Intellectual,Low,Average,High
Nico O. de Vera,Grade 7,Raphael,81,76,95,83,86,75,88,95,83,92,,null,TVL (ICT),,History Education,Without Record,null,Low average,Physical,High,Low,Average
Robin S. Tolentino,Grade 7,Raphael,93,84,90,82,78,82,89,86,80,80,,null,TVL (ICT),,Linguistics,With Record,null,Average,Creative,Average,High,Low 
Violeta W. Mendoza,Grade 7,Raphael,75,90,79,90,83,90,83,75,86,93,STEM,null,,,Journalism and Media Studies,Without Record,null,Above average,Intellectual,Low,Average,High
Zoe A. Alonzo,Grade 7,Raphael,86,87,95,88,75,88,94,94,95,85,STEM,null,,,Language and Literature,Without Record,null,Low average,Physical,High,Low,Average
Damian E. Santos,Grade 7,Raphael,88,76,94,95,92,92,81,77,81,87,HUMSS,null,,,International Relations,With Record,null,Average,Creative,Average,High,Low 
Hector I. Villanueva,Grade 7,Raphael,80,93,79,92,82,78,82,94,95,88,HUMSS,null,,,Global Studies,With Record,null,Above average,Intellectual,Low,Average,High
Laila M. Serrano,Grade 7,Raphael,81,76,83,89,76,94,85,81,84,87,,null,TVL (ICT),,Education Administration,Without Record,null,Low average,Creative,High,Low,Average
Pilar Q. Benitez,Grade 7,Raphael,78,93,76,81,90,90,83,85,83,94,STEM,null,,,Library and Information Science,Without Record,null,Average,Intellectual,Average,High,Low 
Tanya U. Baluyot,Grade 7,Raphael,77,87,83,93,89,94,78,94,93,88,STEM,null,,,Digital Communications,Without Record,null,Above average,Physical,Low,Average,High
Xavier Y. Sandoval,Grade 7,Raphael,83,85,87,95,81,85,92,81,80,76,,null,,TVL (HE),Event Coordination,Without Record,null,Low average,Creative,High,Low,Average
Ashley C. Dela Cruz,Grade 7,Raphael,87,78,91,85,82,93,82,93,80,87,HUMSS,null,,,Cybersecurity,With Record,null,Average,Intellectual,Average,High,Low 
Clara G. Mendoza,Grade 7,Sealtiel,80,85,90,92,75,82,89,84,84,84,ABM,null,,,Data Science,Without Record,null,Above average,Physical,Low,Average,High
Ethan K. Aquino,Grade 7,Sealtiel,94,89,81,80,84,86,92,79,82,91,,null,TVL (ICT),,Web Development,Without Record,null,Low average,Creative,High,Low,Average
Gabrielle O. Rosario,Grade 7,Sealtiel,91,94,80,79,94,93,90,75,80,76,STEM,null,,,Cyber Forensics,With Record,null,Average,Intellectual,Average,High,Low 
Ivan S. Mendoza,Grade 7,Sealtiel,81,83,77,82,82,92,89,82,90,91,HUMSS,null,,,Game Development,With Record,null,Above average,Physical,Low,Average,High
Jessica W. de Guzman,Grade 7,Sealtiel,93,77,88,92,79,80,79,95,75,88,STEM,null,,,Software Development,With Record,null,Low average,Creative,High,Low,Average
Josiah A. Malabanan,Grade 7,Sealtiel,91,92,94,93,75,83,84,94,86,81,STEM,null,,,Cloud Computing,With Record,null,Average,Intellectual,Average,High,Low 
Karen E. de Guzman,Grade 7,Sealtiel,84,95,80,79,81,91,89,89,95,86,STEM,null,,,Artificial Intelligence,Without Record,null,Above average,Physical,Low,Average,High
Kirsten I. Macapagal,Grade 7,Sealtiel,94,82,82,75,89,87,76,88,87,93,HUMSS,null,,,Robotics,Without Record,null,Low average,Creative,High,Low,Average
Leah M. Camacho,Grade 7,Sealtiel,89,80,91,85,94,79,94,82,81,86,,null,,TVL (HE),Network Administration,Without Record,null,Average,Intellectual,Average,High,Low 
Manuel Q. Tan,Grade 7,Sealtiel,84,91,77,92,82,95,84,83,77,87,,null,,TVL (HE),Internet of Things (IoT),Without Record,null,Above average,Creative,Low,Average,High
Matilda U. Aquino,Grade 7,Sealtiel,90,91,76,76,88,90,89,81,79,93,,null,,TVL (HE),Mobile App Development,Without Record,null,Low average,Intellectual,High,Low,Average
Nicole Y. Castro,Grade 7,Sealtiel,91,87,76,86,95,78,92,76,81,79,HUMSS,null,,,Computer Graphics,Without Record,null,Average,Physical,Average,High,Low 
Peter C. Bautista,Grade 7,Sealtiel,92,82,87,86,77,76,83,78,93,91,,null,TVL (ICT),,Business Analytics,With Record,null,Above average,Creative,Low,Average,High
Thomas G. Reyes,Grade 7,Sealtiel,88,94,78,80,95,76,77,82,79,94,ABM,null,,,E-commerce,With Record,null,Low average,Intellectual,High,Low,Average
Vanessa K. Reyes,Grade 7,Sealtiel,77,93,78,90,83,86,80,95,88,89,,null,,TVL (HE),Supply Chain Logistics,With Record,null,Average,Physical,Average,High,Low 
Zachary O. Flores,Grade 7,Sealtiel,85,91,90,84,92,83,82,76,95,90,ABM,null,,,Banking and Finance,With Record,null,Above average,Creative,Low,Average,High
Alan S. Magpantay,Grade 7,Sealtiel,92,84,94,76,75,78,86,75,75,82,,null,,TVL (HE),Credit Management,Without Record,null,Low average,Intellectual,High,Low,Average
Arlene W. Carreon,Grade 7,Sealtiel,76,89,88,90,78,79,85,92,90,93,STEM,null,,,Taxation,With Record,null,Average,Physical,Average,High,Low 
Carlos A. Soriano,Grade 7,Sealtiel,84,94,88,95,93,78,92,93,75,84,,null,,TVL (HE),Financial Engineering,With Record,null,Above average,Creative,Low,Average,High
Elian E. Fajardo,Grade 7,Sealtiel,77,88,88,77,82,80,94,89,77,80,,null,,TVL (HE),Insurance,With Record,null,Low average,Intellectual,High,Low,Average
Fiona I. Mendoza,Grade 7,Sealtiel,83,89,93,89,78,91,76,89,87,91,,null,,TVL (HE),Investment Banking,Without Record,null,Average,Physical,Average,High,Low 
Geraldine M. Villar,Grade 7,Uriel,90,89,81,87,89,90,88,84,82,87,,null,,TVL (HE),Corporate Finance,Without Record,null,Above average,Creative,Low,Average,High
Jasmine Q. Magpantay,Grade 7,Uriel,75,75,79,86,76,79,92,92,84,80,HUMSS,null,,,Real Estate,With Record,null,Low average,Intellectual,High,Low,Average
John U. Ledesma,Grade 7,Uriel,75,89,90,83,87,93,94,86,83,90,,null,,TVL (HE),Financial Planning,Without Record,null,Average,Creative,Average,High,Low 
Julia Y. Gochangco,Grade 7,Uriel,91,95,92,77,93,92,90,75,88,75,ABM,null,,,Advertising and Public Relations,Without Record,null,Above average,Intellectual,Low,Average,High
Kiana C. Alvarez,Grade 7,Uriel,81,85,79,93,75,87,88,85,75,89,ABM,null,,,Digital Media,Without Record,null,Low average,Physical,High,Low,Average
Kyle G. Soriano,Grade 7,Uriel,80,80,81,88,77,78,95,82,83,87,HUMSS,null,,,Data Analytics,With Record,null,Average,Creative,Average,High,Low 
Lucas K. Aquino,Grade 7,Uriel,80,77,89,87,83,90,85,87,81,80,STEM,null,,,Management Information Systems,With Record,null,Above average,Intellectual,Low,Average,High
Marion O. Sevilla,Grade 7,Uriel,80,95,77,84,86,92,84,86,85,87,,null,TVL (ICT),,Hotel and Restaurant Management,With Record,null,Low average,Physical,High,Low,Average
Monica S. Sanchez,Grade 7,Uriel,91,78,94,91,94,85,89,95,83,94,ABM,null,,,Resort Management,With Record,null,Average,Creative,Average,High,Low 
Oscar W. Mendoza,Grade 7,Uriel,77,94,88,85,95,88,94,79,75,93,STEM,null,,,Tourism and Hospitality Management,With Record,null,Above average,Intellectual,Low,Average,High
Rafael A. Villalobos,Grade 7,Uriel,87,86,88,77,94,92,81,78,76,75,STEM,null,,,Culinary Arts,With Record,null,Low average,Physical,High,Low,Average
Thomas C. De Guzman,Grade 7,Uriel,75,84,84,91,80,81,85,94,81,75,ABM,null,,,Bakery Technology,Without Record,null,Average,Creative,Average,High,Low 
Ursula E. Lanuza,Grade 7,Uriel,92,82,90,75,92,78,88,89,86,77,,null,,TVL (HE),Fashion Design,With Record,null,Above average,Intellectual,Low,Average,High
Xavier I. Cruz,Grade 7,Uriel,81,94,91,80,90,78,90,82,85,89,HUMSS,null,,,Fashion Merchandising,Without Record,null,Low average,Physical,High,Low,Average
Zoe M. Dela Cruz,Grade 7,Uriel,89,78,88,87,82,94,84,90,87,80,STEM,null,,,Textile Engineering,With Record,null,Average,Creative,Average,High,Low 
Amos Q. Macapagal,Grade 7,Uriel,75,87,78,91,93,82,84,85,76,79,,null,,TVL (HE),Public Safety,Without Record,null,Above average,Intellectual,Low,Average,High
Bianca U. Robles,Grade 7,Uriel,76,79,89,84,76,90,93,85,95,93,,null,TVL (ICT),,Emergency Management,Without Record,null,Low average,Creative,High,Low,Average
Clara Y. del Rosario,Grade 7,Uriel,81,78,76,75,93,76,94,90,86,77,,null,,TVL (HE),Criminal Justice,Without Record,null,Average,Intellectual,Average,High,Low 
Ethan C. De Guzman,Grade 7,Uriel,90,91,88,77,91,86,93,77,78,94,,null,,TVL (HE),Military Science,Without Record,null,Above average,Physical,Low,Average,High
Gabrielle G. Espiritu,Grade 7,Uriel,83,93,83,92,77,89,82,93,89,90,ABM,null,,,Fire Science,Without Record,null,Low average,Creative,High,Low,Average
Ivan K. Velasquez,Grade 7,Uriel,94,88,89,79,78,83,95,88,77,76,HUMSS,null,,,Homeland Security,Without Record,null,Average,Intellectual,Average,High,Low 
Jasmine M. Magpantay,Grade 7,Uriel,93,89,87,83,75,87,87,77,77,75,HUMSS,null,,,Conflict Resolution,Without Record,null,Above average,Physical,Low,Average,High
Bianca R. Garcia,Grade 8,Vincent,80,88,77,94,76,78,95,78,81,91,,null,,TVL (HE),Conflict Management,Without Record,null,Low average,Creative,High,Low,Average
Gabriel T. Castillo,Grade 8,Vincent,91,86,81,78,79,79,88,78,94,84,,null,,TVL (HE),Law Enforcement,Without Record,null,Average,Intellectual,Average,High,Low 
Kiana D. Morales,Grade 8,Vincent,88,93,84,82,87,85,87,83,85,80,,null,,TVL (HE),Paralegal Studies,Without Record,null,Above average,Physical,Low,Average,High
Olivia F. Mendoza,Grade 8,Vincent,80,79,92,93,88,80,87,77,79,85,,null,TVL (ICT),,Forensic Psychology,With Record,null,Low average,Creative,High,Low,Average
Samira J. Castillo,Grade 8,Vincent,93,89,85,76,87,81,89,87,88,86,ABM,null,,,Public Policy,With Record,null,Average,Intellectual,Average,High,Low 
Warren A. Aquino,Grade 8,Vincent,79,82,93,93,86,95,86,88,87,77,,null,,TVL (HE),Comparative Politics,Without Record,null,Above average,Physical,Low,Average,High
Ana P. Delgado,Grade 8,Vincent,82,85,81,84,76,93,93,91,83,82,,null,,TVL (HE),Urban Planning,With Record,null,Low average,Creative,High,Low,Average
Eliza F. Villanueva,Grade 8,Vincent,89,75,83,84,89,88,78,86,79,90,ABM,null,,,Landscape Design,With Record,null,Average,Intellectual,Average,High,Low 
Iza G. Aquino,Grade 8,Vincent,76,81,94,84,95,82,88,77,95,80,,null,,TVL (HE),Sustainable Development,Without Record,null,Above average,Creative,Low,Average,High
Marcela E. Rivera,Grade 8,Vincent,92,95,88,80,90,76,89,82,80,92,HUMSS,null,,,Urban Development,With Record,null,Low average,Intellectual,High,Low,Average
Quinlan T. Torres,Grade 8,Vincent,92,87,78,84,95,79,80,80,92,78,ABM,null,,,Transport Management,With Record,null,Average,Physical,Average,High,Low 
Ulysses K. Ramos,Grade 8,Vincent,76,76,79,86,95,90,91,80,87,82,,null,TVL (ICT),,Aviation Management,With Record,null,Above average,Creative,Low,Average,High
Yannis P. Herrera,Grade 8,Vincent,87,75,86,81,76,88,82,80,94,86,STEM,null,,,Air Traffic Control,With Record,null,Low average,Intellectual,High,Low,Average
Caesar J. Perez,Grade 8,Vincent,78,88,85,79,84,93,88,91,84,88,STEM,null,,,Aviation Maintenance Technology,Without Record,null,Average,Physical,Average,High,Low 
Gian L. Torres,Grade 8,Vincent,93,95,88,84,86,95,76,88,84,90,ABM,null,,,Civil Aviation,With Record,null,Above average,Creative,Low,Average,High
Kendra T. Aquino,Grade 8,Vincent,85,84,85,94,80,80,92,84,82,82,ABM,null,,,Hospitality and Catering Management,With Record,null,Low average,Intellectual,High,Low,Average
Odessa A. Mendoza,Grade 8,Vincent,80,84,79,77,87,77,78,81,81,94,STEM,null,,,Property Management,With Record,null,Average,Physical,Average,High,Low 
Samson F. Torres,Grade 8,Benedict,80,76,86,82,80,84,85,82,95,92,ABM,null,,,Media Studies,Without Record,null,Above average,Creative,Low,Average,High
Warren P. Bautista,Grade 8,Benedict,95,78,94,76,86,79,75,77,89,88,,null,,TVL (HE),Public Relations and Advertising,With Record,null,Low average,Intellectual,High,Low,Average
Andrea T. Castillo,Grade 8,Benedict,90,91,80,84,83,84,91,87,77,80,HUMSS,null,,,Sports Journalism,With Record,null,Average,Physical,Average,High,Low 
Eloise F. Mendoza,Grade 8,Benedict,95,78,84,83,85,92,78,81,94,83,,null,TVL (ICT),,Health Communication,Without Record,null,Above average,Creative,Low,Average,High
Ivy T. Villanueva,Grade 8,Benedict,84,93,85,95,94,86,78,85,95,86,,null,,TVL (HE),Marketing Research,Without Record,null,Low average,Intellectual,High,Low,Average
Maxine R. Bautista,Grade 8,Benedict,95,77,78,90,78,78,78,95,94,93,ABM,null,,,Social Media Marketing,Without Record,null,Average,Creative,Average,High,Low 
Quiana A. Rivera,Grade 8,Benedict,76,78,76,87,90,78,95,80,83,90,,null,TVL (ICT),,Retail Marketing,Without Record,null,Above average,Intellectual,Low,Average,High
Ursula P. Villanueva,Grade 8,Benedict,89,80,83,93,82,93,82,78,93,84,HUMSS,null,,,Industrial Design,With Record,null,Low average,Physical,High,Low,Average
Yvonne P. Aquino,Grade 8,Benedict,87,85,76,88,89,82,88,81,81,82,ABM,null,,,Product Design,Without Record,null,Average,Creative,Average,High,Low 
Caren D. Villanueva,Grade 8,Benedict,81,75,76,95,88,94,93,86,94,83,ABM,null,,,Digital Animation,Without Record,null,Above average,Intellectual,Low,Average,High
Giselle L. Reyes,Grade 8,Benedict,94,81,79,76,75,78,83,89,92,88,ABM,null,,,Computer Animation,Without Record,null,Low average,Physical,High,Low,Average
Kaleb D. Ramos,Grade 8,Benedict,77,79,89,90,90,77,89,90,85,83,STEM,null,,,Industrial and Organizational Psychology,With Record,null,Average,Creative,Average,High,Low 
Omar L. Santos,Grade 8,Benedict,85,83,77,93,84,76,89,84,90,87,,null,TVL (ICT),,Music Education,Without Record,null,Above average,Intellectual,Low,Average,High
Sylvester L. Torres,Grade 8,Benedict,86,78,90,79,82,89,94,80,93,86,,null,,TVL (HE),Dance Education,Without Record,null,Low average,Physical,High,Low,Average
Winnie T. Reyes,Grade 8,Benedict,95,78,86,88,85,95,81,85,90,86,,null,,TVL (HE),Theater Education,With Record,null,Average,Creative,Average,High,Low 
Alvin F. Herrera,Grade 8,Benedict,83,87,79,76,86,77,91,93,86,92,HUMSS,null,,,Visual Arts Education,Without Record,null,Above average,Intellectual,Low,Average,High
Eli J. Ramos,Grade 8,Benedict,75,79,87,93,86,80,90,94,95,85,ABM,null,,,Fashion Design and Technology,Without Record,null,Low average,Physical,High,Low,Average
Ivy B. Villanueva,Grade 8,Benedict,85,91,88,84,94,84,78,80,94,76,ABM,null,,,Cosmetology,With Record,null,Average,Creative,Average,High,Low 
Mona D. Ramos,Grade 8,Charles,95,81,86,85,82,87,82,94,83,95,HUMSS,null,,,Barbering,Without Record,null,Above average,Intellectual,Low,Average,High
Quentin T. Santos,Grade 8,Charles,92,80,80,82,91,94,89,90,93,84,STEM,null,,,Nail Technology,Without Record,null,Low average,Creative,High,Low,Average
Ulysses J. Garcia,Grade 8,Charles,79,79,77,78,77,95,89,90,86,91,,null,TVL (ICT),,Beauty Therapy,With Record,null,Average,Intellectual,Average,High,Low 
Yasmin P. Reyes,Grade 8,Charles,87,88,80,82,85,93,94,80,93,86,,null,,TVL (HE),Dermatology,Without Record,null,Above average,Physical,Low,Average,High
Carlo P. Villanueva,Grade 8,Charles,83,86,78,95,78,93,83,95,95,94,,null,TVL (ICT),,Medical Laboratory Science,With Record,null,Low average,Creative,High,Low,Average
Gideon L. Reyes,Grade 8,Charles,84,91,95,91,88,93,80,87,86,81,ABM,null,,,Podiatric Medicine,Without Record,null,Average,Intellectual,Average,High,Low 
Kendra P. Villanueva,Grade 8,Charles,75,81,95,89,80,92,84,89,90,81,,null,TVL (ICT),,Dietetics,Without Record,null,Above average,Physical,Low,Average,High
Oliver R. Garcia,Grade 8,Charles,86,76,87,83,88,95,81,92,86,77,ABM,null,,,Speech and Hearing Science,With Record,null,Low average,Creative,High,Low,Average
Stuart F. Aquino,Grade 8,Charles,94,92,78,75,78,87,94,95,95,83,ABM,null,,,Music Therapy,With Record,null,Average,Intellectual,Average,High,Low 
Wanda P. Mendoza,Grade 8,Charles,75,82,83,76,93,78,92,94,87,88,,null,,TVL (HE),Art Therapy,With Record,null,Above average,Physical,Low,Average,High
Arlo G. Garcia,Grade 8,Charles,91,94,81,78,86,87,86,93,83,90,HUMSS,null,,,Drama Therapy,With Record,null,Low average,Creative,High,Low,Average
Eloise A. Reyes,Grade 8,Charles,90,77,95,81,81,80,85,87,78,89,,null,TVL (ICT),,Therapeutic Recreation,With Record,null,Average,Intellectual,Average,High,Low 
Ismael R. Torres,Grade 8,Charles,77,82,88,86,95,82,82,92,79,92,,null,TVL (ICT),,Rehabilitation Science,Without Record,null,Above average,Physical,Low,Average,High
Monique F. Aquino,Grade 8,Charles,87,81,77,79,75,81,83,82,86,95,,null,TVL (ICT),,Fitness and Wellness,Without Record,null,Low average,Creative,High,Low,Average
Quina R. Villanueva,Grade 8,Charles,82,82,82,75,76,88,80,95,95,91,HUMSS,null,,,Alternative Medicine,Without Record,null,Average,Intellectual,Average,High,Low 
Carlos D. Pineda,Grade 8,Charles,87,79,90,92,89,80,75,81,83,83,ABM,null,,,Traditional Medicine,Without Record,null,Above average,Creative,Low,Average,High
Gabriel H. Velasquez,Grade 8,Charles,87,86,76,95,87,87,88,83,79,77,,null,,TVL (HE),Acupuncture,With Record,null,Low average,Intellectual,High,Low,Average
Kiana L. Salazar,Grade 8,Charles,95,92,87,81,78,80,76,94,76,88,,null,TVL (ICT),,Chiropractic Care,With Record,null,Average,Physical,Average,High,Low 
Olivia P. Mendoza,Grade 8,Christopher,82,80,91,92,75,81,75,91,90,94,STEM,null,,,Nutrition Science,With Record,null,Above average,Creative,Low,Average,High
Samira T. Santiago,Grade 8,Christopher,88,84,89,80,87,78,90,80,86,87,HUMSS,null,,,Food Safety,Without Record,null,Low average,Intellectual,High,Low,Average
Warren X. Mercado,Grade 8,Christopher,83,80,75,87,88,88,84,82,90,85,STEM,null,,,Food Quality Assurance,Without Record,null,Average,Physical,Average,High,Low 
Ana B. Bautista,Grade 8,Christopher,92,80,76,92,86,76,76,80,85,90,HUMSS,null,,,Health and Wellness Coaching,Without Record,null,Above average,Creative,Low,Average,High
Eliza F. Dizon,Grade 8,Christopher,77,76,87,87,82,94,76,76,83,84,HUMSS,null,,,Clinical Nutrition,With Record,null,Low average,Intellectual,High,Low,Average
Iza J. Cruz,Grade 8,Christopher,77,88,78,80,89,94,86,86,94,76,STEM,null,,,Culinary Management,With Record,null,Average,Physical,Average,High,Low 
Marcela N. Almonte,Grade 8,Christopher,87,88,76,80,79,87,78,81,82,83,,null,TVL (ICT),,Tourism and Recreation Management,Without Record,null,Above average,Creative,Low,Average,High
Quinlan R. Lopez,Grade 8,Christopher,93,87,77,86,84,92,94,78,88,82,STEM,null,,,Entrepreneurship,With Record,null,Low average,Intellectual,High,Low,Average
Ulysses V. Cruz,Grade 8,Christopher,76,76,84,92,77,75,81,79,76,77,ABM,null,,,Small Business Management,With Record,null,Average,Physical,Average,High,Low 
Yannis Z. Bautista,Grade 8,Christopher,80,91,85,84,76,93,77,89,77,77,ABM,null,,,Business Economics,With Record,null,Above average,Creative,Low,Average,High
Caesar D. Luna,Grade 8,Christopher,76,78,82,75,78,77,84,77,89,94,,null,,TVL (HE),Financial Accounting,Without Record,null,Low average,Intellectual,High,Low,Average
Gian H. de Guzman,Grade 8,Christopher,93,78,79,76,78,78,92,81,79,79,ABM,null,,,Management Accounting,With Record,null,Average,Creative,Average,High,Low 
Kendra L. Valdez,Grade 8,Christopher,84,92,78,86,82,81,86,82,86,95,,null,,TVL (HE),Cost Accounting,Without Record,null,Above average,Intellectual,Low,Average,High
Odessa P. Ramos,Grade 8,Christopher,92,75,91,92,87,77,91,85,86,85,ABM,null,,,Corporate Accounting,With Record,null,Low average,Physical,High,Low,Average
Samson T. Gamboa,Grade 8,Christopher,76,95,93,94,92,91,78,79,89,85,,null,,TVL (HE),Auditing,Without Record,null,Average,Creative,Average,High,Low 
Warren X. Gutierrez,Grade 8,Christopher,89,76,84,81,75,77,78,94,85,91,STEM,null,,,Information Technology in Business,Without Record,null,Above average,Intellectual,Low,Average,High
Andrea B. Fajardo,Grade 8,Christopher,75,92,91,83,88,91,75,77,93,88,,null,TVL (ICT),,Business Intelligence,With Record,null,Low average,Physical,High,Low,Average
Eloise F. de la Cruz,Grade 8,Francis,94,79,79,80,90,81,79,92,84,95,ABM,null,,,Marketing Communications,Without Record,null,Average,Creative,Average,High,Low 
Ivy J. Cordero,Grade 8,Francis,87,78,88,88,83,80,78,82,91,94,STEM,null,,,Marketing Strategy,With Record,null,Above average,Intellectual,Low,Average,High
Maxine N. San Juan,Grade 8,Francis,90,75,95,82,84,92,92,81,76,94,,null,,TVL (HE),Real Estate Appraisal,With Record,null,Low average,Physical,High,Low,Average
Quiana R. Roxas,Grade 8,Francis,91,81,84,92,94,75,94,92,93,87,,null,,TVL (HE),Facilities Management,Without Record,null,Average,Creative,Average,High,Low 
Ursula V. Roca,Grade 8,Francis,83,86,78,77,84,94,81,86,95,89,ABM,null,,,Logistics Management,With Record,null,Above average,Intellectual,Low,Average,High
Yvonne Z. Tolentino,Grade 8,Francis,92,95,86,82,75,80,93,91,85,92,,null,,TVL (HE),Integrated Marketing Communication,Without Record,null,Low average,Physical,High,Low,Average
Caren D. Lanuza,Grade 8,Francis,95,83,83,90,75,85,88,89,86,87,,null,,TVL (HE),Media and Journalism,Without Record,null,Average,Creative,Average,High,Low 
Giselle H. Villalobos,Grade 8,Francis,89,91,84,77,85,79,86,75,86,75,,null,,TVL (HE),Communication and Media Studies,With Record,null,Above average,Intellectual,Low,Average,High
Kaleb L. Almeda,Grade 8,Francis,86,78,90,90,81,79,75,88,92,90,,null,,TVL (HE),Online Journalism,Without Record,null,Low average,Creative,High,Low,Average
Omar P. Santos,Grade 8,Francis,86,86,79,85,80,78,89,84,91,91,STEM,null,,,Broadcast Journalism,With Record,null,Average,Intellectual,Average,High,Low 
Sylvester T. Magpantay,Grade 8,Francis,87,91,87,92,93,83,95,95,90,77,ABM,null,,,Radio and Television Production,With Record,null,Above average,Physical,Low,Average,High
Winnie X. Valenzuela,Grade 8,Francis,81,79,75,90,87,93,87,88,88,93,STEM,null,,,Film Directing,Without Record,null,Low average,Creative,High,Low,Average
Andrei B. Morales,Grade 8,Francis,78,86,75,78,90,89,79,82,93,93,ABM,null,,,Photography,Without Record,null,Average,Intellectual,Average,High,Low 
Charlie F. Reyes,Grade 8,Francis,85,85,92,91,88,76,92,81,91,84,,null,TVL (ICT),,Mass Communication,Without Record,null,Above average,Physical,Low,Average,High
Enrique J. Herrera,Grade 8,Francis,86,81,86,83,82,89,80,93,95,78,HUMSS,null,,,News Writing,With Record,null,Low average,Creative,High,Low,Average
Francisco N. Garcia,Grade 8,Francis,83,93,83,78,94,88,76,85,84,89,ABM,null,,,Graphic Arts,Without Record,null,Average,Intellectual,Average,High,Low 
Hector R. Hernandez,Grade 8,Francis,79,79,95,94,88,82,81,81,94,81,,null,,TVL (HE),Audio-Visual Communication,With Record,null,Above average,Physical,Low,Average,High
Jerome V. Macalino,Grade 8,Martin,75,87,88,81,95,85,82,75,81,91,STEM,null,,,Public Speaking,Without Record,null,Low average,Creative,High,Low,Average
Jordan Z. Santos,Grade 8,Martin,81,93,94,79,95,77,94,77,75,91,,null,,TVL (HE),Debate and Rhetoric,Without Record,null,Average,Intellectual,Average,High,Low 
Justin D. Dela Cruz,Grade 8,Martin,82,75,83,86,88,77,93,81,76,80,,null,,TVL (HE),Audio and Sound Engineering,With Record,null,Above average,Physical,Low,Average,High
Kimberly H. Valencia,Grade 8,Martin,93,77,83,84,76,89,88,93,82,78,,null,TVL (ICT),,Photojournalism,Without Record,null,Low average,Creative,High,Low,Average
Lance L. Reyes,Grade 8,Martin,84,82,81,86,79,95,81,95,78,86,HUMSS,null,,,Film and Video Production,With Record,null,Average,Intellectual,Average,High,Low 
Lynn P. Esteban,Grade 8,Martin,81,93,90,84,77,79,76,93,77,75,HUMSS,null,,,Fashion Photography,With Record,null,Above average,Creative,Low,Average,High
Martin T. Mendoza,Grade 8,Martin,85,90,83,93,94,93,80,79,91,88,HUMSS,null,,,Documentary Filmmaking,Without Record,null,Low average,Intellectual,High,Low,Average
Nathan X. Villanueva,Grade 8,Martin,75,81,95,95,77,84,82,93,83,80,ABM,null,,,Cinematography,With Record,null,Average,Physical,Average,High,Low 
Patrick B. Mendoza,Grade 8,Martin,90,85,86,78,75,94,95,89,83,81,HUMSS,null,,,Animation and Digital Arts,Without Record,null,Above average,Creative,Low,Average,High
Sheila F. Ubaldo,Grade 8,Martin,80,79,83,92,92,91,87,83,94,77,HUMSS,null,,,Interactive Media,With Record,null,Low average,Intellectual,High,Low,Average
Victor J. Casal,Grade 8,Martin,89,85,95,77,86,78,85,90,81,79,,null,,TVL (HE),Visual Communication,Without Record,null,Average,Physical,Average,High,Low 
Yolanda N. Tan,Grade 8,Martin,88,82,88,78,77,85,83,81,76,81,ABM,null,,,Public Relations Studies,Without Record,null,Above average,Creative,Low,Average,High
Abigail R. Serrano,Grade 8,Martin,86,81,83,88,91,89,75,80,89,93,,null,TVL (ICT),,Digital Content Creation,With Record,null,Low average,Intellectual,High,Low,Average
Andrew V. Santos,Grade 8,Martin,88,94,80,86,86,79,80,83,82,93,STEM,null,,,Multimedia Design,With Record,null,Average,Physical,Average,High,Low 
Camille Z. Velasquez,Grade 8,Martin,76,78,85,76,93,87,89,77,83,83,HUMSS,null,,,Content Strategy,With Record,null,Above average,Creative,Low,Average,High
Danica D. Alonzo,Grade 8,Martin,89,81,85,79,83,94,79,87,79,91,ABM,null,,,Brand Management,With Record,null,Low average,Intellectual,High,Low,Average
Eugenia H. Espiritu,Grade 8,Martin,83,87,88,79,89,87,80,88,94,93,STEM,null,,,Corporate Communication,Without Record,null,Average,Physical,Average,High,Low 
Gabriel L. Ramos,Grade 8,Sebastian,95,89,91,77,80,87,79,75,89,95,ABM,null,,,Advertising and Marketing,With Record,null,Above average,Creative,Low,Average,High
Jade P. Rivas,Grade 8,Sebastian,94,87,84,81,80,78,79,92,95,85,ABM,null,,,Brand Strategy,Without Record,null,Low average,Intellectual,High,Low,Average
Joanna T. Pineda,Grade 8,Sebastian,92,90,77,81,83,93,83,88,78,78,ABM,null,,,Digital Advertising,With Record,null,Average,Creative,Average,High,Low 
Juan X. Valdez,Grade 8,Sebastian,93,86,85,79,93,76,81,85,78,81,ABM,null,,,Retail Merchandising,Without Record,null,Above average,Intellectual,Low,Average,High
Karla B. Valenzuela,Grade 8,Sebastian,77,89,80,95,79,85,79,90,95,92,HUMSS,null,,,Franchise Management,With Record,null,Low average,Physical,High,Low,Average
Kristian F. Tolentino,Grade 8,Sebastian,87,86,87,76,94,79,85,81,85,90,STEM,null,,,Graphic Communication,Without Record,null,Average,Creative,Average,High,Low 
Lila J. Villegas,Grade 8,Sebastian,88,93,93,95,77,81,91,95,90,91,HUMSS,null,,,Creative Writing,With Record,null,Above average,Intellectual,Low,Average,High
Maricel N. Garcia,Grade 8,Sebastian,80,76,77,87,78,89,90,77,79,92,ABM,null,,,Literary Studies,Without Record,null,Low average,Physical,High,Low,Average
Miguel R. Sarmiento,Grade 8,Sebastian,81,75,77,89,93,93,76,86,88,86,,null,,TVL (HE),Applied Linguistics,With Record,null,Average,Creative,Average,High,Low 
Nino V. Reyes,Grade 8,Sebastian,78,80,82,93,91,91,81,78,95,95,,null,,TVL (HE),TESOL (Teaching English to Speakers of Other Languages),Without Record,null,Above average,Intellectual,Low,Average,High
Quinton Z. Gamboa,Grade 8,Sebastian,95,78,94,83,91,76,92,83,84,93,STEM,null,,,Translation Studies,With Record,null,Low average,Physical,High,Low,Average
William H. Bautista,Grade 8,Sebastian,79,92,85,79,80,90,88,90,75,86,,null,TVL (ICT),,Language Education,Without Record,null,Average,Creative,Average,High,Low 
Zane L. Aquino,Grade 8,Sebastian,75,85,88,93,94,80,83,94,81,93,HUMSS,null,,,Speech and Language Pathology,With Record,null,Above average,Intellectual,Low,Average,High
Alicia P. Magsino,Grade 8,Sebastian,75,90,95,78,83,86,75,88,93,94,HUMSS,null,,,Translation and Interpretation,With Record,null,Low average,Physical,High,Low,Average
Benjamin T. Almonte,Grade 8,Sebastian,79,88,91,81,75,81,84,93,90,80,ABM,null,,,Educational Leadership,With Record,null,Average,Creative,Average,High,Low 
Charlie X. Ramos,Grade 8,Sebastian,76,75,90,75,81,80,81,91,92,78,ABM,null,,,International Education,With Record,null,Above average,Intellectual,Low,Average,High
Enrique B. Bautista,Grade 8,Sebastian,81,92,81,93,83,77,94,85,80,84,STEM,null,,,Special Education Administration,Without Record,null,Low average,Creative,High,Low,Average
Francisco F. Castro,Grade 8,Sebastian,87,79,94,86,87,88,81,76,86,77,ABM,null,,,Early Childhood Development,With Record,null,Average,Intellectual,Average,High,Low 
Hector J. Palacios,Grade 8,Sebastian,95,94,78,95,79,93,78,76,77,93,,null,,TVL (HE),Child Development,With Record,null,Above average,Physical,Low,Average,High
Carlos D. Bautista,Grade 9,Ignatius,90,90,93,86,93,85,85,93,82,89,,null,TVL (ICT),,Youth Development,Without Record,null,Low average,Creative,High,Low,Average
Faith E. Aquino,Grade 9,Ignatius,95,94,94,87,83,90,80,75,82,76,STEM,null,,,Learning Disability Studies,With Record,null,Average,Intellectual,Average,High,Low 
Jasmine K. Torres,Grade 9,Ignatius,78,77,89,85,76,85,92,94,89,83,,null,TVL (ICT),,Psychology of Learning,With Record,null,Above average,Physical,Low,Average,High
Nathaniel P. Garcia,Grade 9,Ignatius,94,92,80,85,86,95,79,95,94,92,,null,TVL (ICT),,School Counseling,Without Record,null,Low average,Creative,High,Low,Average
Rafael M. Santos,Grade 9,Ignatius,91,94,86,91,93,75,86,90,85,81,ABM,null,,,Career Counseling,With Record,null,Average,Intellectual,Average,High,Low 
Veronica C. Bautista,Grade 9,Ignatius,77,87,81,75,89,89,94,82,87,82,,null,TVL (ICT),,Rehabilitation Counseling,With Record,null,Above average,Physical,Low,Average,High
Zachary T. Perez,Grade 9,Ignatius,87,81,89,91,89,79,93,86,84,77,HUMSS,null,,,Marriage and Family Therapy,Without Record,null,Low average,Creative,High,Low,Average
Dominic V. Reyes,Grade 9,Ignatius,84,79,95,86,76,85,93,87,92,83,,null,TVL (ICT),,Mental Health Counseling,With Record,null,Average,Intellectual,Average,High,Low 
Hector T. Santos,Grade 9,Ignatius,88,78,87,89,83,81,83,82,83,76,,null,TVL (ICT),,Addiction Counseling,Without Record,null,Above average,Physical,Low,Average,High
Lorenzo D. Cruz,Grade 9,Ignatius,94,95,80,91,86,95,88,87,84,83,ABM,null,,,Art Education,Without Record,null,Low average,Creative,High,Low,Average
Pia F. Castillo,Grade 9,Ignatius,88,81,77,79,92,77,84,88,87,75,,null,,TVL (HE),Art History,With Record,null,Average,Intellectual,Average,High,Low 
Tristan L. Mendoza,Grade 9,Ignatius,79,91,94,77,84,84,87,76,95,76,HUMSS,null,,,Fine Arts Education,With Record,null,Above average,Creative,Low,Average,High
Xyra A. Aquino,Grade 9,Ignatius,77,88,93,82,80,80,92,80,83,81,,null,TVL (ICT),,History of Art,With Record,null,Low average,Intellectual,High,Low,Average
Belen M. Ramos,Grade 9,Ignatius,76,87,92,90,94,92,88,95,78,93,,null,TVL (ICT),,Visual Studies,Without Record,null,Average,Physical,Average,High,Low 
Felicia P. Rivera,Grade 9,Ignatius,76,95,95,83,93,77,86,83,87,91,STEM,null,,,Philosophy of Art,With Record,null,Above average,Creative,Low,Average,High
Jeffrey F. Bautista,Grade 9,Ignatius,85,89,83,86,79,84,80,89,81,82,,null,TVL (ICT),,Media Arts and Technology,With Record,null,Low average,Intellectual,High,Low,Average
Noel C. Santos,Grade 9,Ignatius,81,84,93,76,88,91,87,85,78,90,STEM,null,,,Sustainable Architecture,With Record,null,Average,Physical,Average,High,Low 
Roxanne L. Perez,Grade 9,Joseph,91,75,90,93,81,84,95,87,76,75,ABM,null,,,Green Building Technology,With Record,null,Above average,Creative,Low,Average,High
Violeta M. Ramos,Grade 9,Joseph,78,78,90,87,88,76,88,83,84,79,ABM,null,,,Architecture and Urban Design,With Record,null,Low average,Intellectual,High,Low,Average
Zackery J. Rivera,Grade 9,Joseph,84,86,81,91,91,88,76,83,93,81,STEM,null,,,Urban and Regional Planning,Without Record,null,Average,Physical,Average,High,Low 
Derek P. Santos,Grade 9,Joseph,80,95,87,84,81,90,89,92,93,84,,null,TVL (ICT),,Sustainable Urbanism,With Record,null,Above average,Creative,Low,Average,High
Henry A. Garcia,Grade 9,Joseph,83,94,76,94,80,76,85,92,91,84,HUMSS,null,,,Coastal and Ocean Engineering,With Record,null,Low average,Intellectual,High,Low,Average
Leo M. Perez,Grade 9,Joseph,91,78,77,84,92,95,80,85,76,77,,null,TVL (ICT),,Environmental Policy and Planning,Without Record,null,Average,Physical,Average,High,Low 
Pauline L. Santos,Grade 9,Joseph,88,81,90,76,78,82,75,83,85,93,,null,,TVL (HE),Renewable Energy Engineering,Without Record,null,Above average,Creative,Low,Average,High
Theodore J. Morales,Grade 9,Joseph,78,91,90,77,82,79,77,78,76,85,,null,,TVL (HE),Environmental Policy,Without Record,null,Low average,Intellectual,High,Low,Average
Xander G. Bautista,Grade 9,Joseph,86,83,85,91,89,76,78,93,85,82,,null,,TVL (HE),Renewable Resources Management,Without Record,null,Average,Creative,Average,High,Low 
Bella R. Mendoza,Grade 9,Joseph,81,86,76,82,77,79,89,78,83,77,ABM,null,,,Renewable Energy Systems,With Record,null,Above average,Intellectual,Low,Average,High
Fabian J. Ramos,Grade 9,Joseph,79,89,82,89,75,91,84,88,77,77,HUMSS,null,,,Land Use and Conservation,With Record,null,Low average,Physical,High,Low,Average
Jomar A. Mendoza,Grade 9,Joseph,85,94,90,78,94,90,77,86,78,89,ABM,null,,,Climate Change Studies,Without Record,null,Average,Creative,Average,High,Low 
Nadia F. Herrera,Grade 9,Joseph,82,84,78,86,83,81,93,79,92,75,,null,TVL (ICT),,Environmental Policy and Management,With Record,null,Above average,Intellectual,Low,Average,High
Ricardo P. Aquino,Grade 9,Joseph,78,83,93,85,78,87,77,92,87,90,,null,TVL (ICT),,Environmental Planning,Without Record,null,Low average,Physical,High,Low,Average
Vance P. Rivera,Grade 9,Joseph,94,86,79,88,86,88,76,75,91,85,ABM,null,,,Water Resources Management,Without Record,null,Average,Creative,Average,High,Low 
Zoey P. Ramos,Grade 9,Joseph,90,78,76,89,75,78,92,84,89,90,ABM,null,,,Environmental Law,Without Record,null,Above average,Intellectual,Low,Average,High
Daisy R. Aquino,Grade 9,Joseph,79,92,92,89,89,83,94,95,83,76,ABM,null,,,Waste Management,Without Record,null,Low average,Physical,High,Low,Average
Hector A. Torres,Grade 9,Lorenzo,77,90,85,88,82,75,75,89,83,91,,null,TVL (ICT),,Sustainable Agriculture,With Record,null,Average,Creative,Average,High,Low 
Lyle R. Garcia,Grade 9,Lorenzo,84,88,87,86,78,90,94,78,92,75,STEM,null,,,Organic Farming,With Record,null,Above average,Intellectual,Low,Average,High
Pia J. Herrera,Grade 9,Lorenzo,82,80,83,86,77,92,84,82,94,88,STEM,null,,,Food Security,With Record,null,Low average,Physical,High,Low,Average
Tommy R. Aquino,Grade 9,Lorenzo,92,91,86,75,83,83,81,80,90,93,,null,,TVL (HE),Agricultural Economics,With Record,null,Average,Creative,Average,High,Low 
Xenia L. Bautista,Grade 9,Lorenzo,80,83,80,89,85,85,88,94,75,86,STEM,null,,,Horticulture,Without Record,null,Above average,Intellectual,Low,Average,High
Belle R. Mendoza,Grade 9,Lorenzo,89,82,93,77,92,77,75,90,94,93,,null,,TVL (HE),Agroforestry,With Record,null,Low average,Creative,High,Low,Average
Felicity F. Aquino,Grade 9,Lorenzo,94,92,75,83,82,91,77,81,94,87,STEM,null,,,Biotechnology,Without Record,null,Average,Intellectual,Average,High,Low 
Jericho T. Mendoza,Grade 9,Lorenzo,86,85,95,88,92,82,80,77,76,80,,null,,TVL (HE),Genetic Engineering,With Record,null,Above average,Physical,Low,Average,High
Nisha T. Reyes,Grade 9,Lorenzo,89,88,93,76,93,87,77,91,92,81,STEM,null,,,Crop Protection,Without Record,null,Low average,Creative,High,Low,Average
Rose T. Ramos,Grade 9,Lorenzo,86,79,92,95,84,91,88,88,89,78,,null,,TVL (HE),Forest Management,Without Record,null,Average,Intellectual,Average,High,Low 
Verna L. Santos,Grade 9,Lorenzo,95,93,89,94,93,93,94,78,79,78,,null,,TVL (HE),Agricultural Engineering,Without Record,null,Above average,Physical,Low,Average,High
Zora T. Villanueva,Grade 9,Lorenzo,89,77,77,95,75,81,79,83,82,86,ABM,null,,,Soil Science,Without Record,null,Low average,Creative,High,Low,Average
Daphne F. Villanueva,Grade 9,Lorenzo,87,83,77,78,75,85,85,90,84,84,,null,TVL (ICT),,Precision Agriculture,Without Record,null,Average,Intellectual,Average,High,Low 
Hugo P. Ramos,Grade 9,Lorenzo,79,87,83,80,94,84,95,85,84,92,,null,,TVL (HE),Landscape Architecture,Without Record,null,Above average,Physical,Low,Average,High
Lyle P. Reyes,Grade 9,Lorenzo,85,91,82,86,95,89,90,76,78,78,,null,,TVL (HE),Marine Biology,With Record,null,Low average,Creative,High,Low,Average
Pippa T. Mendoza,Grade 9,Lorenzo,82,81,83,95,81,89,94,91,91,91,STEM,null,,,Fisheries Science,Without Record,null,Average,Intellectual,Average,High,Low 
Bianca C. Dela Cruz,Grade 9,Lorenzo,95,75,79,77,81,94,75,92,87,89,STEM,null,,,Wildlife Biology,With Record,null,Above average,Physical,Low,Average,High
Faith G. Ocampo,Grade 9,Padre Pio,93,75,95,77,82,84,80,89,87,86,STEM,null,,,Environmental Education,Without Record,null,Low average,Creative,High,Low,Average
Jasmine K. Varela,Grade 9,Padre Pio,80,77,90,89,94,86,93,82,78,87,STEM,null,,,Geospatial Sciences,With Record,null,Average,Intellectual,Average,High,Low 
Nathaniel O. de Guzman,Grade 9,Padre Pio,89,95,90,92,87,76,76,91,76,77,,null,,TVL (HE),Earth Sciences,Without Record,null,Above average,Creative,Low,Average,High
Rafael S. Flores,Grade 9,Padre Pio,82,85,78,86,85,95,88,75,92,93,STEM,null,,,Hydrogeology,Without Record,null,Low average,Intellectual,High,Low,Average
Veronica W. Aguinaldo,Grade 9,Padre Pio,80,80,78,91,75,77,82,87,76,93,,null,TVL (ICT),,Oceanography,With Record,null,Average,Physical,Average,High,Low 
Zachary A. Ramos,Grade 9,Padre Pio,77,82,78,76,75,83,94,93,87,94,,null,,TVL (HE),Environmental Geology,Without Record,null,Above average,Creative,Low,Average,High
Dominic E. Santos,Grade 9,Padre Pio,84,75,87,90,78,93,79,86,80,86,ABM,null,,,Climate Change Adaptation,Without Record,null,Low average,Intellectual,High,Low,Average
Hector I. Vergara,Grade 9,Padre Pio,90,89,75,94,76,75,84,90,81,75,,null,TVL (ICT),,Ecosystem Management,Without Record,null,Average,Physical,Average,High,Low 
Lorenzo M. Manalo,Grade 9,Padre Pio,93,84,89,89,86,94,93,90,91,86,STEM,null,,,Geophysics,With Record,null,Above average,Creative,Low,Average,High
Pia Q. Morales,Grade 9,Padre Pio,90,84,75,77,83,77,92,82,91,92,,null,,TVL (HE),Seismology,With Record,null,Low average,Intellectual,High,Low,Average
Tristan U. de la Cruz,Grade 9,Padre Pio,83,90,75,88,90,95,80,80,84,91,ABM,null,,,Paleontology,With Record,null,Average,Physical,Average,High,Low 
Xyra Y. Chua,Grade 9,Padre Pio,92,83,78,83,82,75,77,91,91,76,STEM,null,,,Geological Engineering,Without Record,null,Above average,Creative,Low,Average,High
Belen C. Gutierrez,Grade 9,Padre Pio,89,94,88,87,85,93,90,92,76,91,STEM,null,,,Remote Sensing,With Record,null,Low average,Intellectual,High,Low,Average
Felicia G. Alvarez,Grade 9,Padre Pio,93,83,86,81,86,87,87,82,84,87,HUMSS,null,,,Geospatial Data Science,Without Record,null,Average,Physical,Average,High,Low 
Jeffrey K. Estrada,Grade 9,Padre Pio,82,83,81,75,79,92,79,88,93,78,,null,TVL (ICT),,Ocean and Coastal Studies,Without Record,null,Above average,Creative,Low,Average,High
Noel O. Garcia,Grade 9,Padre Pio,91,80,93,92,87,84,92,78,90,82,HUMSS,null,,,Environmental Health,Without Record,null,Low average,Intellectual,High,Low,Average
Roxanne S. Liwanag,Grade 9,Padre Pio,76,93,78,90,77,84,82,87,78,81,,null,TVL (ICT),,Environmental Economics,With Record,null,Average,Creative,Average,High,Low 
Violeta W. Garcia,Grade 9,Padre Pio,94,91,84,83,79,75,87,85,94,79,ABM,null,,,Sustainable Food Systems,Without Record,null,Above average,Intellectual,Low,Average,High
Zackery A. Cruz,Grade 9,Andrew,85,78,94,79,80,90,94,83,78,84,HUMSS,null,,,Forestry Science,With Record,null,Low average,Physical,High,Low,Average
Derek E. Tan,Grade 9,Andrew,92,87,79,75,85,88,84,86,92,80,,null,TVL (ICT),,Sustainable Fisheries Management,Without Record,null,Average,Creative,Average,High,Low 
Henry I. Santos,Grade 9,Andrew,86,75,84,81,88,89,95,88,75,93,ABM,null,,,Ecosystem-Based Management,With Record,null,Above average,Intellectual,Low,Average,High
Leo M. Salvador,Grade 9,Andrew,88,87,79,85,79,92,82,91,82,88,HUMSS,null,,,Marine Conservation,Without Record,null,Low average,Physical,High,Low,Average
Pauline Q. Cordero,Grade 9,Andrew,79,90,92,81,88,88,77,91,79,81,,null,TVL (ICT),,Sustainable Energy Solutions,With Record,null,Average,Creative,Average,High,Low 
Theodore U. Reyes,Grade 9,Andrew,90,88,84,82,82,81,83,87,91,94,,null,TVL (ICT),,Energy Policy and Management,With Record,null,Above average,Intellectual,Low,Average,High
Xenia Y. Alonzo,Grade 9,Andrew,77,77,92,77,84,80,91,84,92,93,,null,TVL (ICT),,Green Energy Technologies,With Record,null,Low average,Physical,High,Low,Average
Bella C. Alvarez,Grade 9,Andrew,86,94,78,95,75,90,80,80,75,77,STEM,null,,,Sustainable Development Studies,Without Record,null,Average,Creative,Average,High,Low 
Fabian G. Uy,Grade 9,Andrew,80,92,93,89,77,80,83,94,91,79,STEM,null,,,Conservation Biology,With Record,null,Above average,Intellectual,Low,Average,High
Jomar K. Gochangco,Grade 9,Andrew,87,93,93,83,80,76,81,92,87,77,HUMSS,null,,,Accountancy,With Record,null,Low average,Physical,High,Low,Average
Nadia O. Tablante,Grade 9,Andrew,92,94,78,79,84,93,91,78,81,82,HUMSS,null,,,Architecture,With Record,null,Average,Creative,Average,High,Low 
Ricardo S. Tolentino,Grade 9,Andrew,79,77,80,91,77,76,89,84,84,79,HUMSS,null,,,Civil Engineering,With Record,null,Above average,Intellectual,Low,Average,High
Vance W. Aquino,Grade 9,Andrew,80,95,90,85,78,80,81,78,85,82,STEM,null,,,Computer Science,With Record,null,Low average,Creative,High,Low,Average
Zane A. Francisco,Grade 9,Andrew,85,86,95,84,87,75,85,89,87,95,HUMSS,null,,,Information Technology,Without Record,null,Average,Intellectual,Average,High,Low 
Carol E. Alcaraz,Grade 9,Andrew,93,87,75,89,85,79,93,81,95,90,ABM,null,,,Business Administration,With Record,null,Above average,Physical,Low,Average,High
Elian I. Castro,Grade 9,Andrew,86,79,82,76,85,93,94,92,85,85,HUMSS,null,,,Marketing,Without Record,null,Low average,Creative,High,Low,Average
Fiona M. Ocampo,Grade 9,Andrew,77,83,94,88,77,75,78,88,94,75,,null,TVL (ICT),,Law,With Record,null,Average,Intellectual,Average,High,Low 
Geraldine Q. Bautista,Grade 9,Andrew,83,75,89,80,90,80,84,75,88,93,HUMSS,null,,,Medicine,With Record,null,Above average,Physical,Low,Average,High
Jasmine U. Velasquez,Grade 9,Andrew,93,94,84,75,83,80,90,77,85,78,STEM,null,,,Nursing,With Record,null,Low average,Creative,High,Low,Average
John Y. Tan,Grade 9,Andrew,84,82,81,90,93,83,81,78,89,83,STEM,null,,,Psychology,Without Record,null,Average,Intellectual,Average,High,Low 
Julia C. Esteban,Grade 9,Andrew,76,87,90,78,81,94,83,95,87,85,STEM,null,,,Hospitality Management,Without Record,null,Above average,Physical,Low,Average,High
Kiana G. Panganiban,Grade 9,Andrew,79,95,84,93,87,89,87,78,82,93,,null,TVL (ICT),,Education,With Record,null,Low average,Creative,High,Low,Average
Kyle K. Magsino,Grade 9,Joseph,90,79,78,75,91,77,84,77,91,94,,null,TVL (ICT),,Teaching,With Record,null,Average,Intellectual,Average,High,Low 
Lucas O. Enriquez,Grade 9,Joseph,84,81,75,81,79,80,92,78,80,88,,null,TVL (ICT),,Electrical Engineering,Without Record,null,Above average,Physical,Low,Average,High
Marion S. Alvarado,Grade 9,Joseph,88,79,82,90,92,82,95,95,81,95,,null,TVL (ICT),,Mechanical Engineering,Without Record,null,Low average,Creative,High,Low,Average
Monica W. Pineda,Grade 9,Joseph,81,76,92,90,88,78,82,93,88,75,HUMSS,null,,,Chemical Engineering,Without Record,null,Average,Intellectual,Average,High,Low 
Oscar A. Tolentino,Grade 9,Joseph,86,76,82,78,81,76,86,91,81,95,ABM,null,,,Tourism Management,With Record,null,Above average,Creative,Low,Average,High
Rafael E. Bongo,Grade 9,Ignatius,80,81,78,92,90,81,87,93,88,82,,null,,TVL (HE),Political Science,Without Record,null,Low average,Intellectual,High,Low,Average
Ursula I. Calderon,Grade 9,Ignatius,89,80,78,89,89,94,78,83,90,91,STEM,null,,,Criminology,With Record,null,Average,Physical,Average,High,Low 
Xavier M. Santos,Grade 9,Ignatius,80,86,93,82,75,86,75,81,85,79,,null,,TVL (HE),International Studies,Without Record,null,Above average,Creative,Low,Average,High
Zoe Q. Fajardo,Grade 9,Ignatius,78,83,77,77,79,83,76,87,95,92,ABM,null,,,Social Work,With Record,null,Low average,Intellectual,High,Low,Average
Amos U. Tablante,Grade 9,Ignatius,89,95,95,76,88,92,77,84,84,89,,null,,TVL (HE),Pharmacy,Without Record,null,Average,Physical,Average,High,Low 
Bianca Y. Palacios,Grade 9,Padre Pio,80,81,85,92,82,90,77,75,88,85,HUMSS,null,,,Agriculture,With Record,null,Above average,Creative,Low,Average,High
Clara C. Dizon,Grade 9,Padre Pio,90,79,89,94,77,95,77,95,94,81,ABM,null,,,Fisheries,Without Record,null,Low average,Intellectual,High,Low,Average
Ethan G. Reyes,Grade 9,Padre Pio,90,85,86,90,76,90,93,87,88,80,STEM,null,,,Veterinary Medicine,With Record,null,Average,Physical,Average,High,Low 
Gabrielle K. Cruz,Grade 9,Padre Pio,78,85,86,91,93,90,84,94,76,82,,null,,TVL (HE),Fine Arts,With Record,null,Above average,Creative,Low,Average,High
Ivan O. de la Cruz,Grade 9,Padre Pio,86,84,88,79,93,88,82,78,88,75,,null,,TVL (HE),Graphic Design,With Record,null,Low average,Intellectual,High,Low,Average
Jessica S. Aquino,Grade 9,Padre Pio,85,83,83,88,90,83,89,81,83,94,ABM,null,,,Multimedia Arts,With Record,null,Average,Physical,Average,High,Low 
Josiah W. Navarro,Grade 9,Padre Pio,94,77,87,82,90,88,93,93,75,79,,null,,TVL (HE),Nursing,With Record,null,Above average,Creative,Low,Average,High
Karen A. Santiago,Grade 9,Lorenzo,88,83,89,83,76,76,75,95,95,91,ABM,null,,,Pharmacy,With Record,null,Low average,Intellectual,High,Low,Average
Kirsten E. Manalo,Grade 9,Lorenzo,75,78,79,91,81,88,86,91,90,90,HUMSS,null,,,Public Administration,Without Record,null,Average,Creative,Average,High,Low 
Leah I. Fernandez,Grade 9,Lorenzo,81,86,79,83,87,79,83,88,76,85,,null,,TVL (HE),Communication Arts,Without Record,null,Above average,Intellectual,Low,Average,High
Manuel M. Ramos,Grade 9,Lorenzo,86,86,92,80,80,85,76,79,82,90,STEM,null,,,Journalism,Without Record,null,Low average,Physical,High,Low,Average
Matilda Q. Macapagal,Grade 9,Lorenzo,81,95,80,94,81,78,95,84,86,87,HUMSS,null,,,Film Studies,Without Record,null,Average,Creative,Average,High,Low 
Nicole U. Alarcon,Grade 9,Lorenzo,90,80,78,77,91,80,89,84,82,75,HUMSS,null,,,Accounting Technology,With Record,null,Above average,Intellectual,Low,Average,High
Peter Y. Tolentino,Grade 9,Lorenzo,93,81,87,78,77,94,78,87,88,85,STEM,null,,,Business Management,With Record,null,Low average,Physical,High,Low,Average
Vanessa G. Tablante,Grade 9,Lorenzo,85,91,91,87,83,78,93,95,84,82,STEM,null,,,Real Estate Management,Without Record,null,Average,Creative,Average,High,Low 
Zachary K. Villanueva,Grade 9,Joseph,90,86,77,80,87,78,94,95,93,91,,null,TVL (ICT),,Human Resource Management,Without Record,null,Above average,Intellectual,Low,Average,High
Alan O. Macalino,Grade 9,Joseph,90,76,88,95,82,85,91,80,85,85,STEM,null,,,Financial Management,Without Record,null,Low average,Physical,High,Low,Average
Arlene S. Bautista,Grade 9,Joseph,90,93,81,75,87,75,90,91,75,75,STEM,null,,,Marketing Management,With Record,null,Average,Creative,Average,High,Low 
Carlos W. Fernandez,Grade 9,Ignatius,82,94,75,77,82,94,87,90,89,78,ABM,null,,,Information Systems,Without Record,null,Above average,Intellectual,Low,Average,High
Elian A. Alquiza,Grade 9,Ignatius,75,79,86,76,79,86,90,90,78,76,,null,TVL (ICT),,Computer Engineering,With Record,null,Low average,Physical,High,Low,Average
Fiona E. Quintero,Grade 9,Andrew,75,94,77,87,82,84,86,90,84,81,ABM,null,,,Software Engineering,With Record,null,Average,Creative,Average,High,Low 
Geraldine I. Dizon,Grade 9,Andrew,94,91,88,76,89,84,90,82,82,77,,null,,TVL (HE),Digital Marketing,With Record,null,Above average,Intellectual,Low,Average,High
Althea M. Cruz,Grade 10,James,76,90,79,91,88,85,75,86,87,92,STEM,null,,,Economics,Without Record,null,Low average,Creative,High,Low,Average
Elijah J. Mendoza,Grade 10,James,86,85,77,86,92,82,91,87,77,90,,null,TVL (ICT),,Internet of Things (IoT),Without Record,null,Average,Intellectual,Average,High,Low 
Ivan A. Delgado,Grade 10,James,80,75,75,75,80,95,91,89,89,78,STEM,null,,,Philosophy,Without Record,null,Above average,Physical,Low,Average,High
Maria T. Villanueva,Grade 10,James,94,86,93,76,93,89,77,78,82,79,HUMSS,null,,,Sociology,With Record,null,Low average,Creative,High,Low,Average
Quincy L. Herrera,Grade 10,James,84,93,90,77,77,84,78,75,95,86,,null,TVL (ICT),,Internet of Things (IoT),Without Record,null,Average,Intellectual,Average,High,Low 
Uriel P. Rivera,Grade 10,James,75,86,88,94,93,88,84,93,86,93,ABM,null,,,Environmental Science,With Record,null,Above average,Physical,Low,Average,High
Ysa L. Ramos,Grade 10,James,86,86,77,81,83,83,82,78,79,85,,null,TVL (ICT),,Biochemistry,With Record,null,Low average,Creative,High,Low,Average
Celine R. Torres,Grade 10,James,89,75,76,91,90,77,86,83,95,82,,null,,TVL (HE),Biology,Without Record,null,Average,Intellectual,Average,High,Low 
Gia R. Ramos,Grade 10,James,87,87,80,93,76,80,95,77,95,94,,null,TVL (ICT),,Environmental Engineering,Without Record,null,Above average,Physical,Low,Average,High
Kylie L. Garcia,Grade 10,James,87,93,91,75,89,79,88,87,79,82,HUMSS,null,,,Geology,With Record,null,Low average,Creative,High,Low,Average
Oliver A. Bautista,Grade 10,James,77,95,86,85,86,90,78,75,95,92,,null,,TVL (HE),Physics,Without Record,null,Average,Intellectual,Average,High,Low 
Sara G. Reyes,Grade 10,James,78,84,88,80,91,90,81,89,89,80,HUMSS,null,,,Chemistry,With Record,null,Above average,Physical,Low,Average,High
Wilfredo C. Bautista,Grade 10,James,94,92,79,91,82,86,91,85,84,78,STEM,null,,,Mathematics,Without Record,null,Above average,Creative,High,Low,Average
Axel G. Santos,Grade 10,James,75,87,85,82,87,79,93,88,79,84,STEM,null,,,Statistics,With Record,null,Average,Intellectual,Average,High,Low 
Emmanuel A. Mendoza,Grade 10,James,77,78,93,78,77,94,85,76,95,89,STEM,null,,,Actuarial Science,With Record,null,Low average,Creative,Low,Average,High
Isobel D. Cruz,Grade 10,James,82,95,80,93,79,92,79,93,81,92,ABM,null,,,Maritime Transportation,Without Record,null,Above average,Intellectual,High,Low,Average
Marisol B. Ramos,Grade 10,James,89,85,80,87,76,82,87,83,81,76,HUMSS,null,,,Maritime Engineering,With Record,null,Average,Physical,Average,High,Low 
Quinby P. Reyes,Grade 10,James,79,82,87,76,87,87,95,95,89,78,,null,TVL (ICT),,Internet of Things (IoT),With Record,null,Above average,Creative,Low,Average,High
Ulysses C. Garcia,Grade 10,James,91,77,87,78,77,90,95,89,76,82,,null,TVL (ICT),,Industrial Engineering,Without Record,null,Low average,Intellectual,High,Low,Average
Yvette G. Herrera,Grade 10,James,80,80,94,93,84,86,75,76,85,84,STEM,null,,,Mining Engineering,Without Record,null,Average,Physical,Average,High,Low 
Camille D. Reyes,Grade 10,James,87,82,95,76,88,91,80,84,78,77,,null,TVL (ICT),,Architecture and Fine Arts,Without Record,null,Above average,Creative,Low,Average,High
Grace P. Ramos,Grade 10,James,91,78,76,84,79,76,94,90,83,83,,null,,TVL (HE),Interior Design,With Record,null,Low average,Intellectual,High,Low,Average
Kirsten L. Torres,Grade 10,John,85,93,86,85,90,89,87,77,95,94,,null,TVL (ICT),,Film and Television Production,With Record,null,Average,Physical,Average,High,Low 
Olive T. Mendoza,Grade 10,John,88,82,92,93,92,94,86,87,86,85,ABM,null,,,Media Arts,Without Record,null,Above average,Creative,Low,Average,High
Sheila B. Aquino,Grade 10,John,82,85,87,80,83,79,89,80,77,84,ABM,null,,,Information Technology Management,Without Record,null,Low average,Intellectual,High,Low,Average
Wally T. Ramos,Grade 10,John,77,94,76,75,82,90,93,95,87,76,HUMSS,null,,,Public Health,Without Record,null,Average,Physical,Average,High,Low 
Arnold C. Garcia,Grade 10,John,91,93,90,91,85,80,86,92,95,84,STEM,null,,,Community Development,Without Record,null,Above average,Creative,Low,Average,High
Eliza G. Torres,Grade 10,John,77,77,90,93,93,83,80,91,91,79,,null,TVL (ICT),,Internet of Things (IoT),Without Record,null,Low average,Intellectual,High,Low,Average
Ingrid B. Rivera,Grade 10,John,75,80,83,88,82,91,75,92,89,94,,null,TVL (ICT),,Internet of Things (IoT),With Record,null,Average,Creative,Average,High,Low 
Miguel G. Garcia,Grade 10,John,82,95,91,83,83,90,81,87,86,79,STEM,null,,,Industrial Psychology,Without Record,null,Above average,Intellectual,Low,Average,High
Quincey R. Bautista,Grade 10,John,77,81,95,95,83,86,95,78,94,78,,null,,TVL (HE),Music,With Record,null,Low average,Physical,High,Low,Average
Uriel G. Mendoza,Grade 10,John,83,80,91,81,75,83,78,76,86,86,,null,,TVL (HE),Theater Arts,Without Record,null,Average,Creative,Average,High,Low 
Yvonne A. Villanueva,Grade 10,John,76,85,82,80,79,76,86,93,76,79,HUMSS,null,,,Dance,Without Record,null,Above average,Intellectual,Low,Average,High
Carlo L. Mendoza,Grade 10,John,79,90,77,76,92,79,81,86,83,79,,null,,TVL (HE),Advertising,Without Record,null,Low average,Physical,High,Low,Average
George T. Santos,Grade 10,John,91,91,85,90,81,85,83,77,82,78,,null,,TVL (HE),Publishing,Without Record,null,Average,Creative,Average,High,Low 
Kim T. Mendoza,Grade 10,    John,85,76,81,78,95,94,85,76,90,86,,null,TVL (ICT),,Event Management,Without Record,null,Above average,Intellectual,Low,Average,High
Omar F. Reyes,Grade 10,John,91,92,92,89,78,91,82,86,93,88,,null,,TVL (HE),Food Technology,With Record,null,Low average,Physical,High,Low,Average
Sheila L. Ramos,Grade 10,John,78,83,92,92,82,82,91,84,89,77,,null,,TVL (HE),Nutrition and Dietetics,With Record,null,Average,Creative,Average,High,Low 
Willard F. Torres,Grade 10,John,86,81,94,95,82,76,87,77,95,95,,null,,TVL (HE),Sports Science,Without Record,null,Above average,Intellectual,Low,Average,High
Andres G. Ramos,Grade 10,John,92,77,94,83,91,79,78,88,94,75,ABM,null,,,Physical Therapy,With Record,null,Low average,Physical,High,Low,Average
Elias J. Torres,Grade 10,John,90,85,94,91,92,92,85,75,95,86,,null,TVL (ICT),,Internet of Things (IoT),With Record,null,Average,Creative,Average,High,Low 
Imani R. Ramos,Grade 10,John,83,95,90,86,89,87,85,85,76,77,ABM,null,,,Respiratory Therapy,Without Record,null,Above average,Intellectual,Low,Average,High
Micaela J. Santos,Grade 10,John,84,93,95,91,92,86,76,82,86,95,STEM,null,,,Anesthesia Technology,Without Record,null,Low average,Creative,High,Low,Average
Quinton A. Mendoza,Grade 10,Luke,91,92,87,93,91,84,80,76,78,80,,null,,TVL (HE),Radiologic Technology,With Record,null,Average,Intellectual,Average,High,Low 
Ursula G. Reyes,Grade 10,Luke,89,89,84,77,78,86,93,87,90,94,ABM,null,,,Clinical Laboratory Science,With Record,null,Above average,Physical,Low,Average,High
Yannis L. Aquino,Grade 10,Luke,87,88,85,77,89,83,88,79,81,86,ABM,null,,,Dentistry,With Record,null,Low average,Creative,High,Low,Average
Carlos T. Mendoza,Grade 10,Luke,87,87,78,94,76,87,88,77,75,77,,null,,TVL (HE),Dental Technology,Without Record,null,Average,Intellectual,Average,High,Low 
Gwen L. Santos,Grade 10,Luke,84,75,86,80,91,77,82,84,94,91,,null,TVL (ICT),,Internet of Things (IoT),Without Record,null,Above average,Physical,Low,Average,High
Kurt G. Villanueva,Grade 10,Luke,85,95,89,75,93,85,75,81,95,89,ABM,null,,,Biomedical Science,With Record,null,Low average,Creative,High,Low,Average
Oliver L. Santos,Grade 10,Luke,94,88,87,93,91,88,79,78,93,80,,null,TVL (ICT),,Internet of Things (IoT),Without Record,null,Average,Intellectual,Average,High,Low 
Althea B. Bautista,Grade 10,Luke,82,79,86,93,93,94,82,77,77,86,,null,TVL (ICT),,Internet of Things (IoT),Without Record,null,Above average,Physical,Low,Average,High
Elijah F. Navarro,Grade 10,Luke,75,90,85,88,94,75,89,76,94,79,,null,,TVL (HE),Agribusiness,With Record,null,Low average,Creative,High,Low,Average
Ivan J. Suarez,Grade 10,Luke,93,88,87,85,84,92,88,75,85,90,HUMSS,null,,,Agronomy,With Record,null,Average,Intellectual,Average,High,Low 
Maria N. Lim,Grade 10,Luke,92,83,91,91,90,80,89,80,92,79,ABM,null,,,Animal Science,With Record,null,Above average,Physical,Low,Average,High
Quincy R. Alvarado,Grade 10,Luke,84,95,82,77,77,94,85,76,90,92,ABM,null,,,Crop Science,With Record,null,Low average,Creative,High,Low,Average
Uriel V. Soriano,Grade 10,Luke,81,76,75,93,84,85,88,94,93,88,ABM,null,,,Fisheries Technology,With Record,null,Average,Intellectual,Average,High,Low 
Ysa Z. Pangilinan,Grade 10,Luke,75,75,80,77,80,90,85,87,79,90,HUMSS,null,,,Food Science,Without Record,null,Above average,Creative,Low,Average,High
Celine D. Ramos,Grade 10,Luke,86,75,90,94,80,76,91,89,78,92,,null,,TVL (HE),Hospitality and Tourism Management,With Record,null,Low average,Intellectual,High,Low,Average
Gia H. Quintero,Grade 10,Luke,79,89,83,82,76,78,89,81,88,84,HUMSS,null,,,Landscape Architecture,Without Record,null,Average,Physical,Average,High,Low 
Kylie L. Aquino,Grade 10,Luke,93,89,76,90,92,81,89,78,82,75,HUMSS,null,,,Event Planning,Without Record,null,Above average,Creative,Low,Average,High
Oliver P. Santiago,Grade 10,Luke,79,94,92,92,83,84,91,90,92,79,ABM,null,,,Public Relations,With Record,null,Low average,Intellectual,High,Low,Average
Sara T. Garcia,Grade 10,Luke,95,90,91,86,89,87,76,87,84,95,ABM,null,,,International Business,Without Record,null,Average,Physical,Average,High,Low 
Wilfredo X. Cruz,Grade 10,Luke,78,95,92,86,85,77,87,87,87,88,HUMSS,null,,,Supply Chain Management,Without Record,null,Above average,Creative,Low,Average,High
Axel B. Navarro,Grade 10,Luke,76,78,92,76,86,84,95,93,75,80,,null,,TVL (HE),Retail Management,With Record,null,Low average,Intellectual,High,Low,Average
Emmanuel F. Abad,Grade 10,Luke,85,93,77,92,95,82,81,80,79,91,,null,TVL (ICT),,Internet of Things (IoT),With Record,null,Average,Physical,Average,High,Low 
Isobel J. Rojas,Grade 10,Mathew,93,86,87,89,87,83,76,86,92,76,ABM,null,,,Health Administration,With Record,null,Above average,Creative,Low,Average,High
Marisol N. Catapang,Grade 10,Mathew,75,93,83,81,84,77,94,84,89,77,STEM,null,,,Speech Pathology,Without Record,null,Low average,Intellectual,High,Low,Average
Quinby R. Garcia,Grade 10,Mathew,83,91,84,75,76,80,87,81,95,93,STEM,null,,,Early Childhood Education,Without Record,null,Average,Physical,Average,High,Low 
Ulysses V. Santos,Grade 10,Mathew,77,79,90,88,93,95,89,94,93,83,STEM,null,,,Secondary Education,Without Record,null,Above average,Creative,Low,Average,High
Yvette Z. Hernandez,Grade 10,Mathew,80,90,75,80,82,87,89,77,84,84,,null,,TVL (HE),Physical Education,With Record,null,Low average,Intellectual,High,Low,Average
Camille D. Mercado,Grade 10,Mathew,77,83,84,88,80,83,87,83,86,92,STEM,null,,,Special Education,Without Record,null,Average,Creative,Average,High,Low 
Grace H. Geronimo,Grade 10,Mathew,77,84,85,83,84,95,93,85,84,90,,null,,TVL (HE),Math Education,Without Record,null,Above average,Intellectual,Low,Average,High
Kirsten L. Tan,Grade 10,Mathew,95,76,95,94,94,87,79,76,87,77,ABM,null,,,Science Education,Without Record,null,Low average,Physical,High,Low,Average
Olive P. Santos,Grade 10,Mathew,80,84,93,87,78,87,77,78,90,86,,null,TVL (ICT),,Internet of Things (IoT),Without Record,null,Average,Creative,Average,High,Low 
Sheila T. Padilla,Grade 10,Mathew,94,93,86,95,84,89,86,91,85,77,STEM,null,,,Filipino Education,With Record,null,Above average,Intellectual,Low,Average,High
Willard X. Dela Cruz,Grade 10,Mathew,89,80,79,87,80,81,86,89,78,79,HUMSS,null,,,History Education,Without Record,null,Low average,Physical,High,Low,Average
Arnold B. Cruz,Grade 10,Mathew,93,87,92,92,79,80,88,86,94,90,ABM,null,,,Linguistics,With Record,null,Average,Creative,Average,High,Low 
Eliza F. Marquez,Grade 10,Mathew,84,90,89,87,77,82,92,78,81,75,ABM,null,,,Journalism and Media Studies,With Record,null,Above average,Intellectual,Low,Average,High
Ingrid J. Peralta,Grade 10,Mathew,88,81,85,95,93,91,93,87,88,75,HUMSS,null,,,Language and Literature,With Record,null,Low average,Physical,High,Low,Average
Miguel N. Delos Reyes,Grade 10,Mathew,81,95,79,89,76,77,82,82,93,79,HUMSS,null,,,International Relations,Without Record,null,Average,Creative,Average,High,Low 
Quincey R. Fuentes,Grade 10,Mathew,87,87,78,94,76,87,88,77,75,77,,null,TVL (ICT),,Information Technology,With Record,null,Above average,Intellectual,Low,Average,High
Uriel V. Alipio,Grade 10,Mathew,84,75,86,80,91,77,82,84,94,91,STEM,null,,,Journalism and Media Studies,Without Record,null,Average,Creative,Average,High,Low 
Yasmine Z. Pineda,Grade 10,Mathew,85,95,89,75,93,85,75,81,95,89,STEM,null,,,Language and Literature,Without Record,null,Low average,Intellectual,Low,Average,High
Brian D. Cortez,Grade 10,Mathew,94,88,87,93,91,88,79,78,93,80,HUMSS,null,,,International Relations,Without Record,null,Above average,Physical,High,Low,Average
Danica H. Valdez,Grade 10,Mathew,82,79,86,93,93,94,82,77,77,86,HUMSS,null,,,Global Studies,Without Record,null,Average,Creative,Average,High,Low 
Eugenia L. Bautista,Grade 10,Mathew,75,90,85,88,94,75,89,76,94,79,,null,TVL (ICT),,Education Administration,With Record,null,Above average,Intellectual,Low,Average,High
Gabriel P. Becerra,Grade 10,Paul,93,88,87,85,84,92,88,75,85,90,STEM,null,,,Library and Information Science,With Record,null,Low average,Physical,High,Low,Average
Jade T. Santos,Grade 10,Paul,92,83,91,91,90,80,89,80,92,79,STEM,null,,,Digital Communications,Without Record,null,Average,Creative,Average,High,Low 
Joanna X. Dela Cruz,Grade 10,Paul,84,95,82,77,77,94,85,76,90,92,,null,,TVL (HE),Event Coordination,Without Record,null,Above average,Intellectual,Low,Average,High
Juan B. Pineda,Grade 10,Paul,81,76,75,93,84,85,88,94,93,88,HUMSS,null,,,Cybersecurity,Without Record,null,Low average,Physical,High,Low,Average
Karla F. Alvarado,Grade 10,Paul,75,75,80,77,80,90,85,87,79,90,ABM,null,,,Data Science,With Record,null,Average,Creative,Average,High,Low 
Kristian J. Rojas,Grade 10,Paul,86,75,90,94,80,76,91,89,78,92,,null,TVL (ICT),,Web Development,Without Record,null,Above average,Intellectual,Low,Average,High
Lila N. Laquindanum,Grade 10,Paul,79,89,83,82,76,78,89,81,88,84,STEM,null,,,Cyber Forensics,Without Record,null,Low average,Physical,High,Low,Average
Maricel R. Ramirez,Grade 10,Paul,93,89,76,90,92,81,89,78,82,75,HUMSS,null,,,Game Development,Without Record,null,Average,Creative,Average,High,Low 
Miguel V. De la Cruz,Grade 10,Paul,79,94,92,92,83,84,91,90,92,79,STEM,null,,,Software Development,With Record,null,Above average,Intellectual,Low,Average,High
Nino Z. Gamboa,Grade 10,Paul,95,90,91,86,89,87,76,87,84,95,STEM,null,,,Cloud Computing,Without Record,null,Low average,Creative,High,Low,Average
Quinton D. Santos,Grade 10,Paul,78,95,92,86,85,77,87,87,87,88,STEM,null,,,Artificial Intelligence,With Record,null,Average,Intellectual,Average,High,Low 
Tiffany H. Bautista,Grade 10,Paul,87,87,78,94,76,87,88,77,75,77,HUMSS,null,,,Robotics,With Record,null,Above average,Physical,Low,Average,High
William L. Del Rosario,Grade 10,Paul,84,75,86,80,91,77,82,84,94,91,,null,,TVL (HE),Network Administration,Without Record,null,Low average,Creative,High,Low,Average
Zane P. Aquino,Grade 10,Paul,85,95,89,75,93,85,75,81,95,89,,null,TVL(ICT),,Internet of Things (IoT),Without Record,null,Average,Intellectual,Average,High,Low 
Alicia T. Garcia,Grade 10,Paul,94,88,87,93,91,88,79,78,93,80,,null,TVL (ICT),,Mobile App Development,Without Record,null,Above average,Physical,Low,Average,High
Benjamin X. Aguirre,Grade 10,Paul,82,79,86,93,93,94,82,77,77,86,HUMSS,null,,,Computer Graphics,Without Record,null,Low average,Creative,High,Low,Average
Charlie B. Villalobos,Grade 10,Paul,75,90,85,88,94,75,89,76,94,79,,null,TVL (ICT),,Business Analytics,Without Record,null,Average,Intellectual,Average,High,Low 
Enrique F. Mercado,Grade 10,Paul,93,88,87,85,84,92,88,75,85,90,ABM,null,,,E-commerce,With Record,null,Above average,Physical,Low,Average,High
Francisco J. Tolentino,Grade 10,Paul,92,83,91,91,90,80,89,80,92,79,,null,,TVL (HE),Supply Chain Logistics,Without Record,null,Low average,Creative,High,Low,Average
Hector N. Del Rosario,Grade 10,Paul,84,95,82,77,77,94,85,76,90,92,ABM,null,,,Banking and Finance,Without Record,null,Average,Intellectual,Average,High,Low 
Jerome R. Sarmiento,Grade 10,Paul,81,76,75,93,84,85,88,94,93,88,,null,,TVL (HE),Credit Management,Without Record,null,Above average,Physical,Low,Average,High
Jordan V. Macapagal,Grade 10,Peter,75,75,80,77,80,90,85,87,79,90,STEM,null,,,Taxation,With Record,null,Low average,Creative,High,Low,Average
Justin Z. Bacani,Grade 10,Peter,86,75,90,94,80,76,91,89,78,92,,null,,TVL (HE),Financial Engineering,With Record,null,Average,Intellectual,Average,High,Low 
Kimberly D. Dizon,Grade 10,Peter,79,89,83,82,76,78,89,81,88,84,,null,,TVL (HE),Insurance,With Record,null,Above average,Creative,Low,Average,High
Lance H. Rivera,Grade 10,Peter,93,89,76,90,92,81,89,78,82,75,,null,,TVL (HE),Investment Banking,With Record,null,Low average,Intellectual,High,Low,Average
Lynn L. Maglinao,Grade 10,Peter,79,94,92,92,83,84,91,90,92,79,,null,,TVL (HE),Corporate Finance,With Record,null,Average,Physical,Average,High,Low 
Martin P. Mendoza,Grade 10,Peter,95,90,91,86,89,87,76,87,84,95,HUMSS,null,,,Real Estate,With Record,null,Above average,Creative,Low,Average,High
Nathan T. Robles,Grade 10,Peter,78,95,92,86,85,77,87,87,87,88,,null,,TVL (HE),Financial Planning,With Record,null,Low average,Intellectual,High,Low,Average
Patrick X. Magsino,Grade 10,Peter,87,87,78,94,76,87,88,77,75,77,ABM,null,,,Advertising and Public Relations,Without Record,null,Average,Physical,Average,High,Low 
Sheila B. Camacho,Grade 10,Peter,84,75,86,80,91,77,82,84,94,91,ABM,null,,,Digital Media,Without Record,null,Above average,Creative,Low,Average,High
Tiffany D. Fajardo,Grade 10,Peter,85,95,89,75,93,85,75,81,95,89,HUMSS,null,,,Data Analytics,Without Record,null,Low average,Intellectual,High,Low,Average
Victor F. Rivas,Grade 10,Peter,94,88,87,93,91,88,79,78,93,80,STEM,null,,,Management Information Systems,Without Record,null,Average,Physical,Average,High,Low 
Yolanda J. Reyes,Grade 10,Peter,82,79,86,93,93,94,82,77,77,86,,null,TVL (ICT),,Hotel and Restaurant Management,With Record,null,Above average,Creative,Low,Average,High
Abigail N. Navarro,Grade 10,Peter,75,90,85,88,94,75,89,76,94,79,ABM,null,,,Resort Management,With Record,null,Low average,Intellectual,High,Low,Average
Andrew R. Mendez,Grade 10,Peter,93,88,87,85,84,92,88,75,85,90,STEM,null,,,Tourism and Hospitality Management,Without Record,null,Average,Physical,Average,High,Low 
Camille V. Soriano,Grade 10,Peter,92,83,91,91,90,80,89,80,92,79,STEM,null,,,Culinary Arts,Without Record,null,Above average,Creative,Low,Average,High
Danica Z. Gamboa,Grade 10,Peter,84,95,82,77,77,94,85,76,90,92,ABM,null,,,Bakery Technology,Without Record,null,Low average,Intellectual,High,Low,Average
Eugenia D. Mendoza,Grade 10,Peter,81,76,75,93,84,85,88,94,93,88,,null,,TVL (HE),Fashion Design,With Record,null,Average,Creative,Average,High,Low 
Gabriel H. Villar,Grade 10,Peter,75,75,80,77,80,90,85,87,79,90,ABM,null,,,Resort Management,Without Record,null,Above average,Intellectual,Low,Average,High
Jade L. Aquino,Grade 10,Peter,86,75,90,94,80,76,91,89,78,92,STEM,null,,,Tourism and Hospitality Management,With Record,null,Low average,Physical,High,Low,Average
Jerome N. Tan,Grade 10,Peter,79,89,83,82,76,78,89,81,88,84,,null,,TVL (HE),Culinary Arts,Without Record,null,Average,Creative,Average,High,Low 
,,,,,,,,,,,,,,,,,,,,,,,,
,,,,,,,,,,,,,,,,,,,,,,,,
,,,,,,,,,,,,,,,,,,,,,,,,
,,,,,,,,,,,,,,,,,,,,,,,,
,,,,,,,,,,,,,,,,,,,,,,,,
,,,,,,,,,,,,,,,,,,,,,,,,
,,,,,,,,,,,,,,,,,,,,,,,,
,,,,,,,,,,,,,,,,,,,,,,,,
,,,,,,,,,,,,,,,,,,,,,,,,
,,,,,,,,,,,,,,,,,,,,,,,,
,,,,,,,,,,,,,,,,,,,,,,,,
,,,,,,,,,,,,,,,,,,,,,,,,
,,,,,,,,,,,,,,,,,,,,,,,,
,,,,,,,,,,,,,,,,,,,,,,,,
,,,,,,,,,,,,,,,,,,,,,,,,
,,,,,,,,,,,,,,,,,,,,,,,,
,,,,,,,,,,,,,,,,,,,,,,,,
,,,,,,,,,,,,,,,,,,,,,,,,
,,,,,,,,,,,,,,,,,,,,,,,,
,,,,,,,,,,,,,,,,,,,,,,,,
,,,,,,,,,,,,,,,,,,,,,,,,
,,,,,,,,,,,,,,,,,,,,,,,,
,,,,,,,,,,,,,,,,,,,,,,,,
,,,,,,,,,,,,,,,,,,,,,,,,
,,,,,,,,,,,,,,,,,,,,,,,,
,,,,,,,,,,,,,,,,,,,,,,,,
,,,,,,,,,,,,,,,,,,,,,,,,
,,,,,,,,,,,,,,,,,,,,,,,,
,,,,,,,,,,,,,,,,,,,,,,,,
,,,,,,,,,,,,,,,,,,,,,,,,
,,,,,,,,,,,,,,,,,,,,,,,,
,,,,,,,,,,,,,,,,,,,,,,,,
,,,,,,,,,,,,,,,,,,,,,,,,
,,,,,,,,,,,,,,,,,,,,,,,,
,,,,,,,,,,,,,,,,,,,,,,,,
,,,,,,,,,,,,,,,,,,,,,,,,
,,,,,,,,,,,,,,,,,,,,,,,,
,,,,,,,,,,,,,,,,,,,,,,,,
,,,,,,,,,,,,,,,,,,,,,,,,
,,,,,,,,,,,,,,,,,,,,,,,,
,,,,,,,,,,,,,,,,,,,,,,,,
,,,,,,,,,,,,,,,,,,,,,,,,
,,,,,,,,,,,,,,,,,,,,,,,,
,,,,,,,,,,,,,,,,,,,,,,,,
,,,,,,,,,,,,,,,,,,,,,,,,
,,,,,,,,,,,,,,,,,,,,,,,,
,,,,,,,,,,,,,,,,,,,,,,,,
,,,,,,,,,,,,,,,,,,,,,,,,
,,,,,,,,,,,,,,,,,,,,,,,,
,,,,,,,,,,,,,,,,,,,,,,,,
,,,,,,,,,,,,,,,,,,,,,,,,
,,,,,,,,,,,,,,,,,,,,,,,,
,,,,,,,,,,,,,,,,,,,,,,,,
,,,,,,,,,,,,,,,,,,,,,,,,
,,,,,,,,,,,,,,,,,,,,,,,,
,,,,,,,,,,,,,,,,,,,,,,,,
,,,,,,,,,,,,,,,,,,,,,,,,
,,,,,,,,,,,,,,,,,,,,,,,,
,,,,,,,,,,,,,,,,,,,,,,,,
,,,,,,,,,,,,,,,,,,,,,,,,
,,,,,,,,,,,,,,,,,,,,,,,,
,,,,,,,,,,,,,,,,,,,,,,,,
,,,,,,,,,,,,,,,,,,,,,,,,
,,,,,,,,,,,,,,,,,,,,,,,,
,,,,,,,,,,,,,,,,,,,,,,,,
,,,,,,,,,,,,,,,,,,,,,,,,
,,,,,,,,,,,,,,,,,,,,,,,,
,,,,,,,,,,,,,,,,,,,,,,,,
,,,,,,,,,,,,,,,,,,,,,,,,
,,,,,,,,,,,,,,,,,,,,,,,,
,,,,,,,,,,,,,,,,,,,,,,,,
,,,,,,,,,,,,,,,,,,,,,,,,
,,,,,,,,,,,,,,,,,,,,,,,,
,,,,,,,,,,,,,,,,,,,,,,,,
,,,,,,,,,,,,,,,,,,,,,,,,
,,,,,,,,,,,,,,,,,,,,,,,,
,,,,,,,,,,,,,,,,,,,,,,,,
,,,,,,,,,,,,,,,,,,,,,,,,
,,,,,,,,,,,,,,,,,,,,,,,,
,,,,,,,,,,,,,,,,,,,,,,,,
,,,,,,,,,,,,,,,,,,,,,,,,
,,,,,,,,,,,,,,,,,,,,,,,,
,,,,,,,,,,,,,,,,,,,,,,,,
,,,,,,,,,,,,,,,,,,,,,,,,
,,,,,,,,,,,,,,,,,,,,,,,,
,,,,,,,,,,,,,,,,,,,,,,,,
,,,,,,,,,,,,,,,,,,,,,,,,
,,,,,,,,,,,,,,,,,,,,,,,,
,,,,,,,,,,,,,,,,,,,,,,,,
,,,,,,,,,,,,,,,,,,,,,,,,
,,,,,,,,,,,,,,,,,,,,,,,,
,,,,,,,,,,,,,,,,,,,,,,,,
,,,,,,,,,,,,,,,,,,,,,,,,
,,,,,,,,,,,,,,,,,,,,,,,,
,,,,,,,,,,,,,,,,,,,,,,,,
,,,,,,,,,,,,,,,,,,,,,,,,
,,,,,,,,,,,,,,,,,,,,,,,,
,,,,,,,,,,,,,,,,,,,,,,,,
,,,,,,,,,,,,,,,,,,,,,,,,
,,,,,,,,,,,,,,,,,,,,,,,,
,,,,,,,,,,,,,,,,,,,,,,,,
,,,,,,,,,,,,,,,,,,,,,,,,
,,,,,,,,,,,,,,,,,,,,,,,,
,,,,,,,,,,,,,,,,,,,,,,,,
,,,,,,,,,,,,,,,,,,,,,,,,
,,,,,,,,,,,,,,,,,,,,,,,,
,,,,,,,,,,,,,,,,,,,,,,,,
,,,,,,,,,,,,,,,,,,,,,,,,
,,,,,,,,,,,,,,,,,,,,,,,,
,,,,,,,,,,,,,,,,,,,,,,,,
,,,,,,,,,,,,,,,,,,,,,,,,
,,,,,,,,,,,,,,,,,,,,,,,,
,,,,,,,,,,,,,,,,,,,,,,,,
,,,,,,,,,,,,,,,,,,,,,,,,
,,,,,,,,,,,,,,,,,,,,,,,,
,,,,,,,,,,,,,,,,,,,,,,,,
,,,,,,,,,,,,,,,,,,,,,,,,
,,,,,,,,,,,,,,,,,,,,,,,,
,,,,,,,,,,,,,,,,,,,,,,,,
,,,,,,,,,,,,,,,,,,,,,,,,
,,,,,,,,,,,,,,,,,,,,,,,,
,,,,,,,,,,,,,,,,,,,,,,,,
,,,,,,,,,,,,,,,,,,,,,,,,
,,,,,,,,,,,,,,,,,,,,,,,,
,,,,,,,,,,,,,,,,,,,,,,,,
,,,,,,,,,,,,,,,,,,,,,,,,
,,,,,,,,,,,,,,,,,,,,,,,,
,,,,,,,,,,,,,,,,,,,,,,,,
,,,,,,,,,,,,,,,,,,,,,,,,
,,,,,,,,,,,,,,,,,,,,,,,,
,,,,,,,,,,,,,,,,,,,,,,,,
,,,,,,,,,,,,,,,,,,,,,,,,
,,,,,,,,,,,,,,,,,,,,,,,,
,,,,,,,,,,,,,,,,,,,,,,,,
,,,,,,,,,,,,,,,,,,,,,,,,
,,,,,,,,,,,,,,,,,,,,,,,,
,,,,,,,,,,,,,,,,,,,,,,,,
,,,,,,,,,,,,,,,,,,,,,,,,
,,,,,,,,,,,,,,,,,,,,,,,,
,,,,,,,,,,,,,,,,,,,,,,,,
,,,,,,,,,,,,,,,,,,,,,,,,
,,,,,,,,,,,,,,,,,,,,,,,,
,,,,,,,,,,,,,,,,,,,,,,,,
,,,,,,,,,,,,,,,,,,,,,,,,
,,,,,,,,,,,,,,,,,,,,,,,,
,,,,,,,,,,,,,,,,,,,,,,,,
,,,,,,,,,,,,,,,,,,,,,,,,
,,,,,,,,,,,,,,,,,,,,,,,,
,,,,,,,,,,,,,,,,,,,,,,,,
,,,,,,,,,,,,,,,,,,,,,,,,
,,,,,,,,,,,,,,,,,,,,,,,,
,,,,,,,,,,,,,,,,,,,,,,,,
,,,,,,,,,,,,,,,,,,,,,,,,
,,,,,,,,,,,,,,,,,,,,,,,,
,,,,,,,,,,,,,,,,,,,,,,,,
,,,,,,,,,,,,,,,,,,,,,,,,
,,,,,,,,,,,,,,,,,,,,,,,,
,,,,,,,,,,,,,,,,,,,,,,,,
,,,,,,,,,,,,,,,,,,,,,,,,
,,,,,,,,,,,,,,,,,,,,,,,,
,,,,,,,,,,,,,,,,,,,,,,,,
,,,,,,,,,,,,,,,,,,,,,,,,
,,,,,,,,,,,,,,,,,,,,,,,,
,,,,,,,,,,,,,,,,,,,,,,,,
,,,,,,,,,,,,,,,,,,,,,,,,
,,,,,,,,,,,,,,,,,,,,,,,,
,,,,,,,,,,,,,,,,,,,,,,,,
,,,,,,,,,,,,,,,,,,,,,,,,
,,,,,,,,,,,,,,,,,,,,,,,,
,,,,,,,,,,,,,,,,,,,,,,,,
,,,,,,,,,,,,,,,,,,,,,,,,
,,,,,,,,,,,,,,,,,,,,,,,,
,,,,,,,,,,,,,,,,,,,,,,,,
,,,,,,,,,,,,,,,,,,,,,,,,
,,,,,,,,,,,,,,,,,,,,,,,,
,,,,,,,,,,,,,,,,,,,,,,,,
,,,,,,,,,,,,,,,,,,,,,,,,
,,,,,,,,,,,,,,,,,,,,,,,,
,,,,,,,,,,,,,,,,,,,,,,,,
,,,,,,,,,,,,,,,,,,,,,,,,
,,,,,,,,,,,,,,,,,,,,,,,,
,,,,,,,,,,,,,,,,,,,,,,,,
,,,,,,,,,,,,,,,,,,,,,,,,
,,,,,,,,,,,,,,,,,,,,,,,,
,,,,,,,,,,,,,,,,,,,,,,,,
,,,,,,,,,,,,,,,,,,,,,,,,
,,,,,,,,,,,,,,,,,,,,,,,,
,,,,,,,,,,,,,,,,,,,,,,,,
,,,,,,,,,,,,,,,,,,,,,,,,
,,,,,,,,,,,,,,,,,,,,,,,,
,,,,,,,,,,,,,,,,,,,,,,,,
,,,,,,,,,,,,,,,,,,,,,,,,
,,,,,,,,,,,,,,,,,,,,,,,,
,,,,,,,,,,,,,,,,,,,,,,,,
,,,,,,,,,,,,,,,,,,,,,,,,
,,,,,,,,,,,,,,,,,,,,,,,,
,,,,,,,,,,,,,,,,,,,,,,,,
,,,,,,,,,,,,,,,,,,,,,,,,
,,,,,,,,,,,,,,,,,,,,,,,,
,,,,,,,,,,,,,,,,,,,,,,,,
,,,,,,,,,,,,,,,,,,,,,,,,
,,,,,,,,,,,,,,,,,,,,,,,,
,,,,,,,,,,,,,,,,,,,,,,,,
,,,,,,,,,,,,,,,,,,,,,,,,
,,,,,,,,,,,,,,,,,,,,,,,,
,,,,,,,,,,,,,,,,,,,,,,,,
,,,,,,,,,,,,,,,,,,,,,,,,
,,,,,,,,,,,,,,,,,,,,,,,,
,,,,,,,,,,,,,,,,,,,,,,,,
,,,,,,,,,,,,,,,,,,,,,,,,
,,,,,,,,,,,,,,,,,,,,,,,,
,,,,,,,,,,,,,,,,,,,,,,,,
,,,,,,,,,,,,,,,,,,,,,,,,
,,,,,,,,,,,,,,,,,,,,,,,,
,,,,,,,,,,,,,,,,,,,,,,,,
,,,,,,,,,,,,,,,,,,,,,,,,
,,,,,,,,,,,,,,,,,,,,,,,,
,,,,,,,,,,,,,,,,,,,,,,,,
,,,,,,,,,,,,,,,,,,,,,,,,
,,,,,,,,,,,,,,,,,,,,,,,,
,,,,,,,,,,,,,,,,,,,,,,,,
,,,,,,,,,,,,,,,,,,,,,,,,
,,,,,,,,,,,,,,,,,,,,,,,,
,,,,,,,,,,,,,,,,,,,,,,,,
,,,,,,,,,,,,,,,,,,,,,,,,
,,,,,,,,,,,,,,,,,,,,,,,,
,,,,,,,,,,,,,,,,,,,,,,,,
,,,,,,,,,,,,,,,,,,,,,,,,
,,,,,,,,,,,,,,,,,,,,,,,,
,,,,,,,,,,,,,,,,,,,,,,,,
,,,,,,,,,,,,,,,,,,,,,,,,
,,,,,,,,,,,,,,,,,,,,,,,,
,,,,,,,,,,,,,,,,,,,,,,,,
,,,,,,,,,,,,,,,,,,,,,,,,
,,,,,,,,,,,,,,,,,,,,,,,,
,,,,,,,,,,,,,,,,,,,,,,,,
,,,,,,,,,,,,,,,,,,,,,,,,
,,,,,,,,,,,,,,,,,,,,,,,,
,,,,,,,,,,,,,,,,,,,,,,,,
,,,,,,,,,,,,,,,,,,,,,,,,
,,,,,,,,,,,,,,,,,,,,,,,,
,,,,,,,,,,,,,,,,,,,,,,,,
,,,,,,,,,,,,,,,,,,,,,,,,
,,,,,,,,,,,,,,,,,,,,,,,,
,,,,,,,,,,,,,,,,,,,,,,,,
,,,,,,,,,,,,,,,,,,,,,,,,
,,,,,,,,,,,,,,,,,,,,,,,,
,,,,,,,,,,,,,,,,,,,,,,,,
,,,,,,,,,,,,,,,,,,,,,,,,
,,,,,,,,,,,,,,,,,,,,,,,,
,,,,,,,,,,,,,,,,,,,,,,,,
,,,,,,,,,,,,,,,,,,,,,,,,
,,,,,,,,,,,,,,,,,,,,,,,,
,,,,,,,,,,,,,,,,,,,,,,,,
,,,,,,,,,,,,,,,,,,,,,,,,
,,,,,,,,,,,,,,,,,,,,,,,,
,,,,,,,,,,,,,,,,,,,,,,,,
,,,,,,,,,,,,,,,,,,,,,,,,
,,,,,,,,,,,,,,,,,,,,,,,,
,,,,,,,,,,,,,,,,,,,,,,,,
,,,,,,,,,,,,,,,,,,,,,,,,
,,,,,,,,,,,,,,,,,,,,,,,,
,,,,,,,,,,,,,,,,,,,,,,,,
,,,,,,,,,,,,,,,,,,,,,,,,
,,,,,,,,,,,,,,,,,,,,,,,,
,,,,,,,,,,,,,,,,,,,,,,,,
,,,,,,,,,,,,,,,,,,,,,,,,
,,,,,,,,,,,,,,,,,,,,,,,,
,,,,,,,,,,,,,,,,,,,,,,,,
,,,,,,,,,,,,,,,,,,,,,,,,
,,,,,,,,,,,,,,,,,,,,,,,,
,,,,,,,,,,,,,,,,,,,,,,,,
,,,,,,,,,,,,,,,,,,,,,,,,
,,,,,,,,,,,,,,,,,,,,,,,,
,,,,,,,,,,,,,,,,,,,,,,,,
,,,,,,,,,,,,,,,,,,,,,,,,
,,,,,,,,,,,,,,,,,,,,,,,,
,,,,,,,,,,,,,,,,,,,,,,,,
,,,,,,,,,,,,,,,,,,,,,,,,
,,,,,,,,,,,,,,,,,,,,,,,,
,,,,,,,,,,,,,,,,,,,,,,,,
,,,,,,,,,,,,,,,,,,,,,,,,
,,,,,,,,,,,,,,,,,,,,,,,,
,,,,,,,,,,,,,,,,,,,,,,,,
,,,,,,,,,,,,,,,,,,,,,,,,
,,,,,,,,,,,,,,,,,,,,,,,,
,,,,,,,,,,,,,,,,,,,,,,,,
,,,,,,,,,,,,,,,,,,,,,,,,
,,,,,,,,,,,,,,,,,,,,,,,,
,,,,,,,,,,,,,,,,,,,,,,,,
,,,,,,,,,,,,,,,,,,,,,,,,
,,,,,,,,,,,,,,,,,,,,,,,,
,,,,,,,,,,,,,,,,,,,,,,,,
,,,,,,,,,,,,,,,,,,,,,,,,
,,,,,,,,,,,,,,,,,,,,,,,,
,,,,,,,,,,,,,,,,,,,,,,,,
,,,,,,,,,,,,,,,,,,,,,,,,
,,,,,,,,,,,,,,,,,,,,,,,,
,,,,,,,,,,,,,,,,,,,,,,,,
,,,,,,,,,,,,,,,,,,,,,,,,
,,,,,,,,,,,,,,,,,,,,,,,,
,,,,,,,,,,,,,,,,,,,,,,,,
,,,,,,,,,,,,,,,,,,,,,,,,
,,,,,,,,,,,,,,,,,,,,,,,,
,,,,,,,,,,,,,,,,,,,,,,,,
,,,,,,,,,,,,,,,,,,,,,,,,
,,,,,,,,,,,,,,,,,,,,,,,,
,,,,,,,,,,,,,,,,,,,,,,,,
,,,,,,,,,,,,,,,,,,,,,,,,
,,,,,,,,,,,,,,,,,,,,,,,,
,,,,,,,,,,,,,,,,,,,,,,,,
,,,,,,,,,,,,,,,,,,,,,,,,
,,,,,,,,,,,,,,,,,,,,,,,,
,,,,,,,,,,,,,,,,,,,,,,,,
,,,,,,,,,,,,,,,,,,,,,,,,
,,,,,,,,,,,,,,,,,,,,,,,,
,,,,,,,,,,,,,,,,,,,,,,,,
,,,,,,,,,,,,,,,,,,,,,,,,
,,,,,,,,,,,,,,,,,,,,,,,,
,,,,,,,,,,,,,,,,,,,,,,,,
,,,,,,,,,,,,,,,,,,,,,,,,
,,,,,,,,,,,,,,,,,,,,,,,,
,,,,,,,,,,,,,,,,,,,,,,,,
,,,,,,,,,,,,,,,,,,,,,,,,
,,,,,,,,,,,,,,,,,,,,,,,,
,,,,,,,,,,,,,,,,,,,,,,,,
,,,,,,,,,,,,,,,,,,,,,,,,
,,,,,,,,,,,,,,,,,,,,,,,,
,,,,,,,,,,,,,,,,,,,,,,,,
,,,,,,,,,,,,,,,,,,,,,,,,
,,,,,,,,,,,,,,,,,,,,,,,,
,,,,,,,,,,,,,,,,,,,,,,,,
,,,,,,,,,,,,,,,,,,,,,,,,
,,,,,,,,,,,,,,,,,,,,,,,,
,,,,,,,,,,,,,,,,,,,,,,,,
,,,,,,,,,,,,,,,,,,,,,,,,
,,,,,,,,,,,,,,,,,,,,,,,,
,,,,,,,,,,,,,,,,,,,,,,,,
,,,,,,,,,,,,,,,,,,,,,,,,
,,,,,,,,,,,,,,,,,,,,,,,,
,,,,,,,,,,,,,,,,,,,,,,,,
,,,,,,,,,,,,,,,,,,,,,,,,
,,,,,,,,,,,,,,,,,,,,,,,,
,,,,,,,,,,,,,,,,,,,,,,,,
,,,,,,,,,,,,,,,,,,,,,,,,
,,,,,,,,,,,,,,,,,,,,,,,,
,,,,,,,,,,,,,,,,,,,,,,,,
,,,,,,,,,,,,,,,,,,,,,,,,
,,,,,,,,,,,,,,,,,,,,,,,,
,,,,,,,,,,,,,,,,,,,,,,,,
,,,,,,,,,,,,,,,,,,,,,,,,
,,,,,,,,,,,,,,,,,,,,,,,,
,,,,,,,,,,,,,,,,,,,,,,,,
,,,,,,,,,,,,,,,,,,,,,,,,
,,,,,,,,,,,,,,,,,,,,,,,,
,,,,,,,,,,,,,,,,,,,,,,,,
,,,,,,,,,,,,,,,,,,,,,,,,
,,,,,,,,,,,,,,,,,,,,,,,,
,,,,,,,,,,,,,,,,,,,,,,,,
,,,,,,,,,,,,,,,,,,,,,,,,
,,,,,,,,,,,,,,,,,,,,,,,,
,,,,,,,,,,,,,,,,,,,,,,,,
,,,,,,,,,,,,,,,,,,,,,,,,
,,,,,,,,,,,,,,,,,,,,,,,,
,,,,,,,,,,,,,,,,,,,,,,,,
,,,,,,,,,,,,,,,,,,,,,,,,
,,,,,,,,,,,,,,,,,,,,,,,,
,,,,,,,,,,,,,,,,,,,,,,,,
,,,,,,,,,,,,,,,,,,,,,,,,
,,,,,,,,,,,,,,,,,,,,,,,,
,,,,,,,,,,,,,,,,,,,,,,,,
,,,,,,,,,,,,,,,,,,,,,,,,
,,,,,,,,,,,,,,,,,,,,,,,,
,,,,,,,,,,,,,,,,,,,,,,,,
,,,,,,,,,,,,,,,,,,,,,,,,
,,,,,,,,,,,,,,,,,,,,,,,,
,,,,,,,,,,,,,,,,,,,,,,,,
,,,,,,,,,,,,,,,,,,,,,,,,
,,,,,,,,,,,,,,,,,,,,,,,,
,,,,,,,,,,,,,,,,,,,,,,,,
,,,,,,,,,,,,,,,,,,,,,,,,
,,,,,,,,,,,,,,,,,,,,,,,,
,,,,,,,,,,,,,,,,,,,,,,,,
,,,,,,,,,,,,,,,,,,,,,,,,
,,,,,,,,,,,,,,,,,,,,,,,,
,,,,,,,,,,,,,,,,,,,,,,,,
,,,,,,,,,,,,,,,,,,,,,,,,
,,,,,,,,,,,,,,,,,,,,,,,,
,,,,,,,,,,,,,,,,,,,,,,,,
,,,,,,,,,,,,,,,,,,,,,,,,
,,,,,,,,,,,,,,,,,,,,,,,,
,,,,,,,,,,,,,,,,,,,,,,,,
,,,,,,,,,,,,,,,,,,,,,,,,
,,,,,,,,,,,,,,,,,,,,,,,,
,,,,,,,,,,,,,,,,,,,,,,,,
,,,,,,,,,,,,,,,,,,,,,,,,
,,,,,,,,,,,,,,,,,,,,,,,,
,,,,,,,,,,,,,,,,,,,,,,,,
,,,,,,,,,,,,,,,,,,,,,,,,
,,,,,,,,,,,,,,,,,,,,,,,,
,,,,,,,,,,,,,,,,,,,,,,,,
,,,,,,,,,,,,,,,,,,,,,,,,
,,,,,,,,,,,,,,,,,,,,,,,,
,,,,,,,,,,,,,,,,,,,,,,,,
,,,,,,,,,,,,,,,,,,,,,,,,
,,,,,,,,,,,,,,,,,,,,,,,,
,,,,,,,,,,,,,,,,,,,,,,,,
,,,,,,,,,,,,,,,,,,,,,,,,
,,,,,,,,,,,,,,,,,,,,,,,,
,,,,,,,,,,,,,,,,,,,,,,,,
,,,,,,,,,,,,,,,,,,,,,,,,
,,,,,,,,,,,,,,,,,,,,,,,,
,,,,,,,,,,,,,,,,,,,,,,,,
,,,,,,,,,,,,,,,,,,,,,,,,
,,,,,,,,,,,,,,,,,,,,,,,,
,,,,,,,,,,,,,,,,,,,,,,,,
,,,,,,,,,,,,,,,,,,,,,,,,
,,,,,,,,,,,,,,,,,,,,,,,,
,,,,,,,,,,,,,,,,,,,,,,,,
,,,,,,,,,,,,,,,,,,,,,,,,
,,,,,,,,,,,,,,,,,,,,,,,,
,,,,,,,,,,,,,,,,,,,,,,,,
,,,,,,,,,,,,,,,,,,,,,,,,
,,,,,,,,,,,,,,,,,,,,,,,,
,,,,,,,,,,,,,,,,,,,,,,,,
,,,,,,,,,,,,,,,,,,,,,,,,
,,,,,,,,,,,,,,,,,,,,,,,,
,,,,,,,,,,,,,,,,,,,,,,,,
,,,,,,,,,,,,,,,,,,,,,,,,
,,,,,,,,,,,,,,,,,,,,,,,,
,,,,,,,,,,,,,,,,,,,,,,,,
,,,,,,,,,,,,,,,,,,,,,,,,
,,,,,,,,,,,,,,,,,,,,,,,,
,,,,,,,,,,,,,,,,,,,,,,,,
,,,,,,,,,,,,,,,,,,,,,,,,
,,,,,,,,,,,,,,,,,,,,,,,,
,,,,,,,,,,,,,,,,,,,,,,,,
,,,,,,,,,,,,,,,,,,,,,,,,
,,,,,,,,,,,,,,,,,,,,,,,,
,,,,,,,,,,,,,,,,,,,,,,,,
,,,,,,,,,,,,,,,,,,,,,,,,
,,,,,,,,,,,,,,,,,,,,,,,,
,,,,,,,,,,,,,,,,,,,,,,,,
,,,,,,,,,,,,,,,,,,,,,,,,
,,,,,,,,,,,,,,,,,,,,,,,,
,,,,,,,,,,,,,,,,,,,,,,,,
,,,,,,,,,,,,,,,,,,,,,,,,
,,,,,,,,,,,,,,,,,,,,,,,,
,,,,,,,,,,,,,,,,,,,,,,,,
,,,,,,,,,,,,,,,,,,,,,,,,
,,,,,,,,,,,,,,,,,,,,,,,,
